{
  "dataset_revision": "6e346642246bfb4928c560ee08640dc84d074e8c",
  "mteb_dataset_name": "LEMBNeedleRetrieval",
  "mteb_version": "1.6.23",
  "test_1024": {
    "evaluation_time": 0.41,
    "map_at_1": 0.26,
    "map_at_10": 0.334,
    "map_at_100": 0.34623,
    "map_at_1000": 0.34623,
    "map_at_20": 0.334,
    "map_at_3": 0.32667,
    "map_at_5": 0.33067,
    "mrr_at_1": 0.26,
    "mrr_at_10": 0.334,
    "mrr_at_100": 0.34646,
    "mrr_at_1000": 0.34646,
    "mrr_at_20": 0.334,
    "mrr_at_3": 0.32667,
    "mrr_at_5": 0.33067,
    "ndcg_at_1": 0.26,
    "ndcg_at_10": 0.36057,
    "ndcg_at_100": 0.46061,
    "ndcg_at_1000": 0.46061,
    "ndcg_at_20": 0.36057,
    "ndcg_at_3": 0.34571,
    "ndcg_at_5": 0.35345,
    "precision_at_1": 0.26,
    "precision_at_10": 0.044,
    "precision_at_100": 0.01,
    "precision_at_1000": 0.001,
    "precision_at_20": 0.022,
    "precision_at_3": 0.13333,
    "precision_at_5": 0.084,
    "recall_at_1": 0.26,
    "recall_at_10": 0.44,
    "recall_at_100": 1.0,
    "recall_at_1000": 1.0,
    "recall_at_20": 0.44,
    "recall_at_3": 0.4,
    "recall_at_5": 0.42
  },
  "test_16384": {
    "evaluation_time": 2.28,
    "map_at_1": 0.0,
    "map_at_10": 0.01269,
    "map_at_100": 0.03798,
    "map_at_1000": 0.03798,
    "map_at_20": 0.02219,
    "map_at_3": 0.0,
    "map_at_5": 0.004,
    "mrr_at_1": 0.0,
    "mrr_at_10": 0.02011,
    "mrr_at_100": 0.04388,
    "mrr_at_1000": 0.04388,
    "mrr_at_20": 0.0271,
    "mrr_at_3": 0.00667,
    "mrr_at_5": 0.01567,
    "ndcg_at_1": 0.0,
    "ndcg_at_10": 0.02784,
    "ndcg_at_100": 0.1992,
    "ndcg_at_1000": 0.1992,
    "ndcg_at_20": 0.06294,
    "ndcg_at_3": 0.0,
    "ndcg_at_5": 0.00774,
    "precision_at_1": 0.0,
    "precision_at_10": 0.008,
    "precision_at_100": 0.01,
    "precision_at_1000": 0.001,
    "precision_at_20": 0.011,
    "precision_at_3": 0.0,
    "precision_at_5": 0.004,
    "recall_at_1": 0.0,
    "recall_at_10": 0.08,
    "recall_at_100": 1.0,
    "recall_at_1000": 1.0,
    "recall_at_20": 0.22,
    "recall_at_3": 0.0,
    "recall_at_5": 0.02
  },
  "test_2048": {
    "evaluation_time": 0.49,
    "map_at_1": 0.16,
    "map_at_10": 0.18,
    "map_at_100": 0.19919,
    "map_at_1000": 0.19919,
    "map_at_20": 0.18373,
    "map_at_3": 0.18,
    "map_at_5": 0.18,
    "mrr_at_1": 0.16,
    "mrr_at_10": 0.182,
    "mrr_at_100": 0.20247,
    "mrr_at_1000": 0.20247,
    "mrr_at_20": 0.18536,
    "mrr_at_3": 0.18,
    "mrr_at_5": 0.18,
    "ndcg_at_1": 0.16,
    "ndcg_at_10": 0.18524,
    "ndcg_at_100": 0.33017,
    "ndcg_at_1000": 0.33017,
    "ndcg_at_20": 0.19988,
    "ndcg_at_3": 0.18524,
    "ndcg_at_5": 0.18524,
    "precision_at_1": 0.16,
    "precision_at_10": 0.02,
    "precision_at_100": 0.01,
    "precision_at_1000": 0.001,
    "precision_at_20": 0.013,
    "precision_at_3": 0.06667,
    "precision_at_5": 0.04,
    "recall_at_1": 0.16,
    "recall_at_10": 0.2,
    "recall_at_100": 1.0,
    "recall_at_1000": 1.0,
    "recall_at_20": 0.26,
    "recall_at_3": 0.2,
    "recall_at_5": 0.2
  },
  "test_256": {
    "evaluation_time": 2.16,
    "map_at_1": 0.86,
    "map_at_10": 0.91733,
    "map_at_100": 0.91733,
    "map_at_1000": 0.91733,
    "map_at_20": 0.91733,
    "map_at_3": 0.91,
    "map_at_5": 0.914,
    "mrr_at_1": 0.86,
    "mrr_at_10": 0.91733,
    "mrr_at_100": 0.91733,
    "mrr_at_1000": 0.91733,
    "mrr_at_20": 0.91733,
    "mrr_at_3": 0.91,
    "mrr_at_5": 0.914,
    "ndcg_at_1": 0.86,
    "ndcg_at_10": 0.93795,
    "ndcg_at_100": 0.93795,
    "ndcg_at_1000": 0.93795,
    "ndcg_at_20": 0.93795,
    "ndcg_at_3": 0.92309,
    "ndcg_at_5": 0.93083,
    "precision_at_1": 0.86,
    "precision_at_10": 0.1,
    "precision_at_100": 0.01,
    "precision_at_1000": 0.001,
    "precision_at_20": 0.05,
    "precision_at_3": 0.32,
    "precision_at_5": 0.196,
    "recall_at_1": 0.86,
    "recall_at_10": 1.0,
    "recall_at_100": 1.0,
    "recall_at_1000": 1.0,
    "recall_at_20": 1.0,
    "recall_at_3": 0.96,
    "recall_at_5": 0.98
  },
  "test_32768": {
    "evaluation_time": 5.02,
    "map_at_1": 0.02,
    "map_at_10": 0.0355,
    "map_at_100": 0.06006,
    "map_at_1000": 0.06006,
    "map_at_20": 0.04536,
    "map_at_3": 0.02,
    "map_at_5": 0.033,
    "mrr_at_1": 0.02,
    "mrr_at_10": 0.04067,
    "mrr_at_100": 0.06068,
    "mrr_at_1000": 0.06068,
    "mrr_at_20": 0.04463,
    "mrr_at_3": 0.02,
    "mrr_at_5": 0.03,
    "ndcg_at_1": 0.02,
    "ndcg_at_10": 0.0504,
    "ndcg_at_100": 0.21726,
    "ndcg_at_1000": 0.21726,
    "ndcg_at_20": 0.08597,
    "ndcg_at_3": 0.02,
    "ndcg_at_5": 0.04409,
    "precision_at_1": 0.02,
    "precision_at_10": 0.01,
    "precision_at_100": 0.01,
    "precision_at_1000": 0.001,
    "precision_at_20": 0.012,
    "precision_at_3": 0.00667,
    "precision_at_5": 0.016,
    "recall_at_1": 0.02,
    "recall_at_10": 0.1,
    "recall_at_100": 1.0,
    "recall_at_1000": 1.0,
    "recall_at_20": 0.24,
    "recall_at_3": 0.02,
    "recall_at_5": 0.08
  },
  "test_4096": {
    "evaluation_time": 0.65,
    "map_at_1": 0.08,
    "map_at_10": 0.10286,
    "map_at_100": 0.12592,
    "map_at_1000": 0.12592,
    "map_at_20": 0.11026,
    "map_at_3": 0.1,
    "map_at_5": 0.1,
    "mrr_at_1": 0.08,
    "mrr_at_10": 0.10806,
    "mrr_at_100": 0.13172,
    "mrr_at_1000": 0.13172,
    "mrr_at_20": 0.11635,
    "mrr_at_3": 0.1,
    "mrr_at_5": 0.1,
    "ndcg_at_1": 0.08,
    "ndcg_at_10": 0.1119,
    "ndcg_at_100": 0.27084,
    "ndcg_at_1000": 0.27084,
    "ndcg_at_20": 0.13774,
    "ndcg_at_3": 0.10524,
    "ndcg_at_5": 0.10524,
    "precision_at_1": 0.08,
    "precision_at_10": 0.014,
    "precision_at_100": 0.01,
    "precision_at_1000": 0.001,
    "precision_at_20": 0.012,
    "precision_at_3": 0.04,
    "precision_at_5": 0.024,
    "recall_at_1": 0.08,
    "recall_at_10": 0.14,
    "recall_at_100": 1.0,
    "recall_at_1000": 1.0,
    "recall_at_20": 0.24,
    "recall_at_3": 0.12,
    "recall_at_5": 0.12
  },
  "test_512": {
    "evaluation_time": 0.33,
    "map_at_1": 0.54,
    "map_at_10": 0.66338,
    "map_at_100": 0.66784,
    "map_at_1000": 0.66784,
    "map_at_20": 0.66784,
    "map_at_3": 0.62333,
    "map_at_5": 0.64433,
    "mrr_at_1": 0.54,
    "mrr_at_10": 0.66338,
    "mrr_at_100": 0.66784,
    "mrr_at_1000": 0.66784,
    "mrr_at_20": 0.66784,
    "mrr_at_3": 0.62333,
    "mrr_at_5": 0.64433,
    "ndcg_at_1": 0.54,
    "ndcg_at_10": 0.72972,
    "ndcg_at_100": 0.74527,
    "ndcg_at_1000": 0.74527,
    "ndcg_at_20": 0.74527,
    "ndcg_at_3": 0.64833,
    "ndcg_at_5": 0.68789,
    "precision_at_1": 0.54,
    "precision_at_10": 0.094,
    "precision_at_100": 0.01,
    "precision_at_1000": 0.001,
    "precision_at_20": 0.05,
    "precision_at_3": 0.24,
    "precision_at_5": 0.164,
    "recall_at_1": 0.54,
    "recall_at_10": 0.94,
    "recall_at_100": 1.0,
    "recall_at_1000": 1.0,
    "recall_at_20": 1.0,
    "recall_at_3": 0.72,
    "recall_at_5": 0.82
  },
  "test_8192": {
    "evaluation_time": 1.22,
    "map_at_1": 0.04,
    "map_at_10": 0.04869,
    "map_at_100": 0.06989,
    "map_at_1000": 0.06989,
    "map_at_20": 0.0535,
    "map_at_3": 0.04,
    "map_at_5": 0.04,
    "mrr_at_1": 0.04,
    "mrr_at_10": 0.05172,
    "mrr_at_100": 0.07852,
    "mrr_at_1000": 0.07852,
    "mrr_at_20": 0.06457,
    "mrr_at_3": 0.04,
    "mrr_at_5": 0.045,
    "ndcg_at_1": 0.04,
    "ndcg_at_10": 0.0601,
    "ndcg_at_100": 0.22217,
    "ndcg_at_1000": 0.22217,
    "ndcg_at_20": 0.07942,
    "ndcg_at_3": 0.04,
    "ndcg_at_5": 0.04,
    "precision_at_1": 0.04,
    "precision_at_10": 0.01,
    "precision_at_100": 0.01,
    "precision_at_1000": 0.001,
    "precision_at_20": 0.009,
    "precision_at_3": 0.01333,
    "precision_at_5": 0.008,
    "recall_at_1": 0.04,
    "recall_at_10": 0.1,
    "recall_at_100": 1.0,
    "recall_at_1000": 1.0,
    "recall_at_20": 0.18,
    "recall_at_3": 0.04,
    "recall_at_5": 0.04
  }
}