{
  "dataset_revision": "6e346642246bfb4928c560ee08640dc84d074e8c",
  "mteb_dataset_name": "LEMBSummScreenFDRetrieval",
  "mteb_version": "1.6.23",
  "validation": {
    "evaluation_time": 4.43,
    "map_at_1": 0.38393,
    "map_at_10": 0.49284,
    "map_at_100": 0.50019,
    "map_at_1000": 0.50057,
    "map_at_20": 0.49713,
    "map_at_3": 0.45536,
    "map_at_5": 0.47604,
    "mrr_at_1": 0.38393,
    "mrr_at_10": 0.49284,
    "mrr_at_100": 0.50019,
    "mrr_at_1000": 0.50057,
    "mrr_at_20": 0.49713,
    "mrr_at_3": 0.45536,
    "mrr_at_5": 0.47604,
    "ndcg_at_1": 0.38393,
    "ndcg_at_10": 0.55792,
    "ndcg_at_100": 0.59533,
    "ndcg_at_1000": 0.6028,
    "ndcg_at_20": 0.57366,
    "ndcg_at_3": 0.47973,
    "ndcg_at_5": 0.51738,
    "precision_at_1": 0.38393,
    "precision_at_10": 0.07679,
    "precision_at_100": 0.00946,
    "precision_at_1000": 0.001,
    "precision_at_20": 0.04152,
    "precision_at_3": 0.18353,
    "precision_at_5": 0.12857,
    "recall_at_1": 0.38393,
    "recall_at_10": 0.76786,
    "recall_at_100": 0.94643,
    "recall_at_1000": 1.0,
    "recall_at_20": 0.83036,
    "recall_at_3": 0.5506,
    "recall_at_5": 0.64286
  }
}