{
  "dataset_revision": "6e346642246bfb4928c560ee08640dc84d074e8c",
  "mteb_dataset_name": "LEMBNarrativeQARetrieval",
  "mteb_version": "1.6.23",
  "test": {
    "evaluation_time": 52.26,
    "map_at_1": 0.21935,
    "map_at_10": 0.26131,
    "map_at_100": 0.27126,
    "map_at_1000": 0.27305,
    "map_at_20": 0.26556,
    "map_at_3": 0.24667,
    "map_at_5": 0.2548,
    "mrr_at_1": 0.21935,
    "mrr_at_10": 0.26131,
    "mrr_at_100": 0.27126,
    "mrr_at_1000": 0.27305,
    "mrr_at_20": 0.26556,
    "mrr_at_3": 0.24667,
    "mrr_at_5": 0.2548,
    "ndcg_at_1": 0.21935,
    "ndcg_at_10": 0.2861,
    "ndcg_at_100": 0.34767,
    "ndcg_at_1000": 0.38946,
    "ndcg_at_20": 0.30173,
    "ndcg_at_3": 0.25563,
    "ndcg_at_5": 0.2703,
    "precision_at_1": 0.21935,
    "precision_at_10": 0.03662,
    "precision_at_100": 0.00686,
    "precision_at_1000": 0.001,
    "precision_at_20": 0.02141,
    "precision_at_3": 0.09385,
    "precision_at_5": 0.06345,
    "recall_at_1": 0.21935,
    "recall_at_10": 0.36616,
    "recall_at_100": 0.68581,
    "recall_at_1000": 1.0,
    "recall_at_20": 0.42827,
    "recall_at_3": 0.28156,
    "recall_at_5": 0.31726
  }
}