{
  "dataset_revision": "6e346642246bfb4928c560ee08640dc84d074e8c",
  "mteb_dataset_name": "LEMBPasskeyRetrieval",
  "mteb_version": "1.6.23",
  "test_1024": {
    "evaluation_time": 0.4,
    "map_at_1": 0.5,
    "map_at_10": 0.54,
    "map_at_100": 0.54619,
    "map_at_1000": 0.54619,
    "map_at_20": 0.54167,
    "map_at_3": 0.52,
    "map_at_5": 0.54,
    "mrr_at_1": 0.5,
    "mrr_at_10": 0.54,
    "mrr_at_100": 0.54598,
    "mrr_at_1000": 0.54598,
    "mrr_at_20": 0.54167,
    "mrr_at_3": 0.52,
    "mrr_at_5": 0.54,
    "ndcg_at_1": 0.5,
    "ndcg_at_10": 0.55969,
    "ndcg_at_100": 0.62187,
    "ndcg_at_1000": 0.62187,
    "ndcg_at_20": 0.5651,
    "ndcg_at_3": 0.52524,
    "ndcg_at_5": 0.55969,
    "precision_at_1": 0.5,
    "precision_at_10": 0.062,
    "precision_at_100": 0.01,
    "precision_at_1000": 0.001,
    "precision_at_20": 0.032,
    "precision_at_3": 0.18,
    "precision_at_5": 0.124,
    "recall_at_1": 0.5,
    "recall_at_10": 0.62,
    "recall_at_100": 1.0,
    "recall_at_1000": 1.0,
    "recall_at_20": 0.64,
    "recall_at_3": 0.54,
    "recall_at_5": 0.62
  },
  "test_16384": {
    "evaluation_time": 2.14,
    "map_at_1": 0.04,
    "map_at_10": 0.04286,
    "map_at_100": 0.06921,
    "map_at_1000": 0.06921,
    "map_at_20": 0.05378,
    "map_at_3": 0.04,
    "map_at_5": 0.04,
    "mrr_at_1": 0.04,
    "mrr_at_10": 0.04972,
    "mrr_at_100": 0.07266,
    "mrr_at_1000": 0.07266,
    "mrr_at_20": 0.05813,
    "mrr_at_3": 0.04,
    "mrr_at_5": 0.045,
    "ndcg_at_1": 0.04,
    "ndcg_at_10": 0.04667,
    "ndcg_at_100": 0.22251,
    "ndcg_at_1000": 0.22251,
    "ndcg_at_20": 0.08693,
    "ndcg_at_3": 0.04,
    "ndcg_at_5": 0.04,
    "precision_at_1": 0.04,
    "precision_at_10": 0.006,
    "precision_at_100": 0.01,
    "precision_at_1000": 0.001,
    "precision_at_20": 0.011,
    "precision_at_3": 0.01333,
    "precision_at_5": 0.008,
    "recall_at_1": 0.04,
    "recall_at_10": 0.06,
    "recall_at_100": 1.0,
    "recall_at_1000": 1.0,
    "recall_at_20": 0.22,
    "recall_at_3": 0.04,
    "recall_at_5": 0.04
  },
  "test_2048": {
    "evaluation_time": 0.49,
    "map_at_1": 0.18,
    "map_at_10": 0.2,
    "map_at_100": 0.21482,
    "map_at_1000": 0.21482,
    "map_at_20": 0.2,
    "map_at_3": 0.2,
    "map_at_5": 0.2,
    "mrr_at_1": 0.18,
    "mrr_at_10": 0.2,
    "mrr_at_100": 0.21506,
    "mrr_at_1000": 0.21506,
    "mrr_at_20": 0.2,
    "mrr_at_3": 0.2,
    "mrr_at_5": 0.2,
    "ndcg_at_1": 0.18,
    "ndcg_at_10": 0.20524,
    "ndcg_at_100": 0.33938,
    "ndcg_at_1000": 0.33938,
    "ndcg_at_20": 0.20524,
    "ndcg_at_3": 0.20524,
    "ndcg_at_5": 0.20524,
    "precision_at_1": 0.18,
    "precision_at_10": 0.022,
    "precision_at_100": 0.01,
    "precision_at_1000": 0.001,
    "precision_at_20": 0.011,
    "precision_at_3": 0.07333,
    "precision_at_5": 0.044,
    "recall_at_1": 0.18,
    "recall_at_10": 0.22,
    "recall_at_100": 1.0,
    "recall_at_1000": 1.0,
    "recall_at_20": 0.22,
    "recall_at_3": 0.22,
    "recall_at_5": 0.22
  },
  "test_256": {
    "evaluation_time": 0.31,
    "map_at_1": 0.94,
    "map_at_10": 0.95667,
    "map_at_100": 0.95718,
    "map_at_1000": 0.95718,
    "map_at_20": 0.95667,
    "map_at_3": 0.95667,
    "map_at_5": 0.95667,
    "mrr_at_1": 0.94,
    "mrr_at_10": 0.95667,
    "mrr_at_100": 0.95718,
    "mrr_at_1000": 0.95718,
    "mrr_at_20": 0.95667,
    "mrr_at_3": 0.95667,
    "mrr_at_5": 0.95667,
    "ndcg_at_1": 0.94,
    "ndcg_at_10": 0.96262,
    "ndcg_at_100": 0.96638,
    "ndcg_at_1000": 0.96638,
    "ndcg_at_20": 0.96262,
    "ndcg_at_3": 0.96262,
    "ndcg_at_5": 0.96262,
    "precision_at_1": 0.94,
    "precision_at_10": 0.098,
    "precision_at_100": 0.01,
    "precision_at_1000": 0.001,
    "precision_at_20": 0.049,
    "precision_at_3": 0.32667,
    "precision_at_5": 0.196,
    "recall_at_1": 0.94,
    "recall_at_10": 0.98,
    "recall_at_100": 1.0,
    "recall_at_1000": 1.0,
    "recall_at_20": 0.98,
    "recall_at_3": 0.98,
    "recall_at_5": 0.98
  },
  "test_32768": {
    "evaluation_time": 4.32,
    "map_at_1": 0.02,
    "map_at_10": 0.04575,
    "map_at_100": 0.06872,
    "map_at_1000": 0.06872,
    "map_at_20": 0.0536,
    "map_at_3": 0.03,
    "map_at_5": 0.034,
    "mrr_at_1": 0.02,
    "mrr_at_10": 0.04089,
    "mrr_at_100": 0.06003,
    "mrr_at_1000": 0.06003,
    "mrr_at_20": 0.04339,
    "mrr_at_3": 0.03667,
    "mrr_at_5": 0.03667,
    "ndcg_at_1": 0.02,
    "ndcg_at_10": 0.06729,
    "ndcg_at_100": 0.22653,
    "ndcg_at_1000": 0.22653,
    "ndcg_at_20": 0.09701,
    "ndcg_at_3": 0.03262,
    "ndcg_at_5": 0.04036,
    "precision_at_1": 0.02,
    "precision_at_10": 0.014,
    "precision_at_100": 0.01,
    "precision_at_1000": 0.001,
    "precision_at_20": 0.013,
    "precision_at_3": 0.01333,
    "precision_at_5": 0.012,
    "recall_at_1": 0.02,
    "recall_at_10": 0.14,
    "recall_at_100": 1.0,
    "recall_at_1000": 1.0,
    "recall_at_20": 0.26,
    "recall_at_3": 0.04,
    "recall_at_5": 0.06
  },
  "test_4096": {
    "evaluation_time": 0.63,
    "map_at_1": 0.14,
    "map_at_10": 0.14,
    "map_at_100": 0.15896,
    "map_at_1000": 0.15896,
    "map_at_20": 0.14383,
    "map_at_3": 0.14,
    "map_at_5": 0.14,
    "mrr_at_1": 0.14,
    "mrr_at_10": 0.14,
    "mrr_at_100": 0.1603,
    "mrr_at_1000": 0.1603,
    "mrr_at_20": 0.14466,
    "mrr_at_3": 0.14,
    "mrr_at_5": 0.14,
    "ndcg_at_1": 0.14,
    "ndcg_at_10": 0.14,
    "ndcg_at_100": 0.29247,
    "ndcg_at_1000": 0.29247,
    "ndcg_at_20": 0.15479,
    "ndcg_at_3": 0.14,
    "ndcg_at_5": 0.14,
    "precision_at_1": 0.14,
    "precision_at_10": 0.014,
    "precision_at_100": 0.01,
    "precision_at_1000": 0.001,
    "precision_at_20": 0.01,
    "precision_at_3": 0.04667,
    "precision_at_5": 0.028,
    "recall_at_1": 0.14,
    "recall_at_10": 0.14,
    "recall_at_100": 1.0,
    "recall_at_1000": 1.0,
    "recall_at_20": 0.2,
    "recall_at_3": 0.14,
    "recall_at_5": 0.14
  },
  "test_512": {
    "evaluation_time": 0.3,
    "map_at_1": 0.62,
    "map_at_10": 0.74186,
    "map_at_100": 0.74319,
    "map_at_1000": 0.74319,
    "map_at_20": 0.74319,
    "map_at_3": 0.71667,
    "map_at_5": 0.73567,
    "mrr_at_1": 0.62,
    "mrr_at_10": 0.74186,
    "mrr_at_100": 0.74319,
    "mrr_at_1000": 0.74319,
    "mrr_at_20": 0.74319,
    "mrr_at_3": 0.71667,
    "mrr_at_5": 0.73567,
    "ndcg_at_1": 0.62,
    "ndcg_at_10": 0.80046,
    "ndcg_at_100": 0.80546,
    "ndcg_at_1000": 0.80546,
    "ndcg_at_20": 0.80546,
    "ndcg_at_3": 0.75309,
    "ndcg_at_5": 0.78667,
    "precision_at_1": 0.62,
    "precision_at_10": 0.098,
    "precision_at_100": 0.01,
    "precision_at_1000": 0.001,
    "precision_at_20": 0.05,
    "precision_at_3": 0.28667,
    "precision_at_5": 0.188,
    "recall_at_1": 0.62,
    "recall_at_10": 0.98,
    "recall_at_100": 1.0,
    "recall_at_1000": 1.0,
    "recall_at_20": 1.0,
    "recall_at_3": 0.86,
    "recall_at_5": 0.94
  },
  "test_8192": {
    "evaluation_time": 1.09,
    "map_at_1": 0.04,
    "map_at_10": 0.05158,
    "map_at_100": 0.07297,
    "map_at_1000": 0.07297,
    "map_at_20": 0.05788,
    "map_at_3": 0.04,
    "map_at_5": 0.044,
    "mrr_at_1": 0.04,
    "mrr_at_10": 0.051,
    "mrr_at_100": 0.07286,
    "mrr_at_1000": 0.07286,
    "mrr_at_20": 0.05886,
    "mrr_at_3": 0.04,
    "mrr_at_5": 0.044,
    "ndcg_at_1": 0.04,
    "ndcg_at_10": 0.06673,
    "ndcg_at_100": 0.22618,
    "ndcg_at_1000": 0.22618,
    "ndcg_at_20": 0.09125,
    "ndcg_at_3": 0.04,
    "ndcg_at_5": 0.04774,
    "precision_at_1": 0.04,
    "precision_at_10": 0.012,
    "precision_at_100": 0.01,
    "precision_at_1000": 0.001,
    "precision_at_20": 0.011,
    "precision_at_3": 0.01333,
    "precision_at_5": 0.012,
    "recall_at_1": 0.04,
    "recall_at_10": 0.12,
    "recall_at_100": 1.0,
    "recall_at_1000": 1.0,
    "recall_at_20": 0.22,
    "recall_at_3": 0.04,
    "recall_at_5": 0.06
  }
}