{
  "dataset_revision": "6e346642246bfb4928c560ee08640dc84d074e8c",
  "mteb_dataset_name": "LEMBQMSumRetrieval",
  "mteb_version": "1.6.23",
  "test": {
    "evaluation_time": 5.3,
    "map_at_1": 0.10675,
    "map_at_10": 0.17241,
    "map_at_100": 0.18854,
    "map_at_1000": 0.18947,
    "map_at_20": 0.17955,
    "map_at_3": 0.14211,
    "map_at_5": 0.15864,
    "mrr_at_1": 0.10675,
    "mrr_at_10": 0.17241,
    "mrr_at_100": 0.18854,
    "mrr_at_1000": 0.18947,
    "mrr_at_20": 0.17955,
    "mrr_at_3": 0.14211,
    "mrr_at_5": 0.15864,
    "ndcg_at_1": 0.10675,
    "ndcg_at_10": 0.21783,
    "ndcg_at_100": 0.31801,
    "ndcg_at_1000": 0.33408,
    "ndcg_at_20": 0.24383,
    "ndcg_at_3": 0.15418,
    "ndcg_at_5": 0.18391,
    "precision_at_1": 0.10675,
    "precision_at_10": 0.03674,
    "precision_at_100": 0.00889,
    "precision_at_1000": 0.001,
    "precision_at_20": 0.02351,
    "precision_at_3": 0.06309,
    "precision_at_5": 0.05226,
    "recall_at_1": 0.10675,
    "recall_at_10": 0.36739,
    "recall_at_100": 0.88867,
    "recall_at_1000": 1.0,
    "recall_at_20": 0.4702,
    "recall_at_3": 0.18926,
    "recall_at_5": 0.2613
  }
}