{
  "dataset_revision": "6e346642246bfb4928c560ee08640dc84d074e8c",
  "mteb_dataset_name": "LEMBWikimQARetrieval",
  "mteb_version": "1.6.23",
  "test": {
    "evaluation_time": 4.09,
    "map_at_1": 0.36333,
    "map_at_10": 0.4352,
    "map_at_100": 0.4455,
    "map_at_1000": 0.44632,
    "map_at_20": 0.44022,
    "map_at_3": 0.41889,
    "map_at_5": 0.42472,
    "mrr_at_1": 0.36333,
    "mrr_at_10": 0.43487,
    "mrr_at_100": 0.44548,
    "mrr_at_1000": 0.4463,
    "mrr_at_20": 0.4402,
    "mrr_at_3": 0.41889,
    "mrr_at_5": 0.42472,
    "ndcg_at_1": 0.36333,
    "ndcg_at_10": 0.47293,
    "ndcg_at_100": 0.53144,
    "ndcg_at_1000": 0.54728,
    "ndcg_at_20": 0.49083,
    "ndcg_at_3": 0.43714,
    "ndcg_at_5": 0.4479,
    "precision_at_1": 0.36333,
    "precision_at_10": 0.05933,
    "precision_at_100": 0.00887,
    "precision_at_1000": 0.001,
    "precision_at_20": 0.03317,
    "precision_at_3": 0.16333,
    "precision_at_5": 0.10333,
    "recall_at_1": 0.36333,
    "recall_at_10": 0.59333,
    "recall_at_100": 0.88667,
    "recall_at_1000": 1.0,
    "recall_at_20": 0.66333,
    "recall_at_3": 0.49,
    "recall_at_5": 0.51667
  }
}