{
  "dataset_revision": "6e346642246bfb4928c560ee08640dc84d074e8c",
  "mteb_dataset_name": "LEMBNarrativeQARetrieval",
  "mteb_version": "1.6.23",
  "test": {
    "evaluation_time": 79.28,
    "map_at_1": 0.21399,
    "map_at_10": 0.27074,
    "map_at_100": 0.28211,
    "map_at_1000": 0.28359,
    "map_at_20": 0.27632,
    "map_at_3": 0.2523,
    "map_at_5": 0.26259,
    "mrr_at_1": 0.21399,
    "mrr_at_10": 0.27074,
    "mrr_at_100": 0.28211,
    "mrr_at_1000": 0.28359,
    "mrr_at_20": 0.27632,
    "mrr_at_3": 0.2523,
    "mrr_at_5": 0.26259,
    "ndcg_at_1": 0.21399,
    "ndcg_at_10": 0.3035,
    "ndcg_at_100": 0.36966,
    "ndcg_at_1000": 0.40379,
    "ndcg_at_20": 0.32406,
    "ndcg_at_3": 0.26506,
    "ndcg_at_5": 0.28363,
    "precision_at_1": 0.21399,
    "precision_at_10": 0.04089,
    "precision_at_100": 0.00744,
    "precision_at_1000": 0.001,
    "precision_at_20": 0.02454,
    "precision_at_3": 0.10068,
    "precision_at_5": 0.06944,
    "recall_at_1": 0.21399,
    "recall_at_10": 0.40894,
    "recall_at_100": 0.74428,
    "recall_at_1000": 1.0,
    "recall_at_20": 0.49076,
    "recall_at_3": 0.30204,
    "recall_at_5": 0.34721
  }
}