{
  "dataset_revision": "6e346642246bfb4928c560ee08640dc84d074e8c",
  "mteb_dataset_name": "LEMBPasskeyRetrieval",
  "mteb_version": "1.6.23",
  "test_1024": {
    "evaluation_time": 0.55,
    "map_at_1": 0.98,
    "map_at_10": 0.99,
    "map_at_100": 0.99,
    "map_at_1000": 0.99,
    "map_at_20": 0.99,
    "map_at_3": 0.99,
    "map_at_5": 0.99,
    "mrr_at_1": 0.98,
    "mrr_at_10": 0.99,
    "mrr_at_100": 0.99,
    "mrr_at_1000": 0.99,
    "mrr_at_20": 0.99,
    "mrr_at_3": 0.99,
    "mrr_at_5": 0.99,
    "ndcg_at_1": 0.98,
    "ndcg_at_10": 0.99262,
    "ndcg_at_100": 0.99262,
    "ndcg_at_1000": 0.99262,
    "ndcg_at_20": 0.99262,
    "ndcg_at_3": 0.99262,
    "ndcg_at_5": 0.99262,
    "precision_at_1": 0.98,
    "precision_at_10": 0.1,
    "precision_at_100": 0.01,
    "precision_at_1000": 0.001,
    "precision_at_20": 0.05,
    "precision_at_3": 0.33333,
    "precision_at_5": 0.2,
    "recall_at_1": 0.98,
    "recall_at_10": 1.0,
    "recall_at_100": 1.0,
    "recall_at_1000": 1.0,
    "recall_at_20": 1.0,
    "recall_at_3": 1.0,
    "recall_at_5": 1.0
  },
  "test_16384": {
    "evaluation_time": 4.48,
    "map_at_1": 0.26,
    "map_at_10": 0.27167,
    "map_at_100": 0.2845,
    "map_at_1000": 0.2845,
    "map_at_20": 0.27167,
    "map_at_3": 0.26667,
    "map_at_5": 0.27167,
    "mrr_at_1": 0.26,
    "mrr_at_10": 0.27167,
    "mrr_at_100": 0.28414,
    "mrr_at_1000": 0.28414,
    "mrr_at_20": 0.27167,
    "mrr_at_3": 0.26667,
    "mrr_at_5": 0.27167,
    "ndcg_at_1": 0.26,
    "ndcg_at_10": 0.27861,
    "ndcg_at_100": 0.39834,
    "ndcg_at_1000": 0.39834,
    "ndcg_at_20": 0.27861,
    "ndcg_at_3": 0.27,
    "ndcg_at_5": 0.27861,
    "precision_at_1": 0.26,
    "precision_at_10": 0.03,
    "precision_at_100": 0.01,
    "precision_at_1000": 0.001,
    "precision_at_20": 0.015,
    "precision_at_3": 0.09333,
    "precision_at_5": 0.06,
    "recall_at_1": 0.26,
    "recall_at_10": 0.3,
    "recall_at_100": 1.0,
    "recall_at_1000": 1.0,
    "recall_at_20": 0.3,
    "recall_at_3": 0.28,
    "recall_at_5": 0.3
  },
  "test_2048": {
    "evaluation_time": 1.1,
    "map_at_1": 0.88,
    "map_at_10": 0.92486,
    "map_at_100": 0.92486,
    "map_at_1000": 0.92486,
    "map_at_20": 0.92486,
    "map_at_3": 0.92,
    "map_at_5": 0.92,
    "mrr_at_1": 0.88,
    "mrr_at_10": 0.92486,
    "mrr_at_100": 0.92486,
    "mrr_at_1000": 0.92486,
    "mrr_at_20": 0.92486,
    "mrr_at_3": 0.92,
    "mrr_at_5": 0.92,
    "ndcg_at_1": 0.88,
    "ndcg_at_10": 0.94292,
    "ndcg_at_100": 0.94292,
    "ndcg_at_1000": 0.94292,
    "ndcg_at_20": 0.94292,
    "ndcg_at_3": 0.93047,
    "ndcg_at_5": 0.93047,
    "precision_at_1": 0.88,
    "precision_at_10": 0.1,
    "precision_at_100": 0.01,
    "precision_at_1000": 0.001,
    "precision_at_20": 0.05,
    "precision_at_3": 0.32,
    "precision_at_5": 0.192,
    "recall_at_1": 0.88,
    "recall_at_10": 1.0,
    "recall_at_100": 1.0,
    "recall_at_1000": 1.0,
    "recall_at_20": 1.0,
    "recall_at_3": 0.96,
    "recall_at_5": 0.96
  },
  "test_256": {
    "evaluation_time": 0.51,
    "map_at_1": 1.0,
    "map_at_10": 1.0,
    "map_at_100": 1.0,
    "map_at_1000": 1.0,
    "map_at_20": 1.0,
    "map_at_3": 1.0,
    "map_at_5": 1.0,
    "mrr_at_1": 1.0,
    "mrr_at_10": 1.0,
    "mrr_at_100": 1.0,
    "mrr_at_1000": 1.0,
    "mrr_at_20": 1.0,
    "mrr_at_3": 1.0,
    "mrr_at_5": 1.0,
    "ndcg_at_1": 1.0,
    "ndcg_at_10": 1.0,
    "ndcg_at_100": 1.0,
    "ndcg_at_1000": 1.0,
    "ndcg_at_20": 1.0,
    "ndcg_at_3": 1.0,
    "ndcg_at_5": 1.0,
    "precision_at_1": 1.0,
    "precision_at_10": 0.1,
    "precision_at_100": 0.01,
    "precision_at_1000": 0.001,
    "precision_at_20": 0.05,
    "precision_at_3": 0.33333,
    "precision_at_5": 0.2,
    "recall_at_1": 1.0,
    "recall_at_10": 1.0,
    "recall_at_100": 1.0,
    "recall_at_1000": 1.0,
    "recall_at_20": 1.0,
    "recall_at_3": 1.0,
    "recall_at_5": 1.0
  },
  "test_32768": {
    "evaluation_time": 7.84,
    "map_at_1": 0.04,
    "map_at_10": 0.06,
    "map_at_100": 0.0857,
    "map_at_1000": 0.0857,
    "map_at_20": 0.06955,
    "map_at_3": 0.06,
    "map_at_5": 0.06,
    "mrr_at_1": 0.04,
    "mrr_at_10": 0.06,
    "mrr_at_100": 0.08105,
    "mrr_at_1000": 0.08105,
    "mrr_at_20": 0.06504,
    "mrr_at_3": 0.06,
    "mrr_at_5": 0.06,
    "ndcg_at_1": 0.04,
    "ndcg_at_10": 0.06524,
    "ndcg_at_100": 0.23723,
    "ndcg_at_1000": 0.23723,
    "ndcg_at_20": 0.10041,
    "ndcg_at_3": 0.06524,
    "ndcg_at_5": 0.06524,
    "precision_at_1": 0.04,
    "precision_at_10": 0.008,
    "precision_at_100": 0.01,
    "precision_at_1000": 0.001,
    "precision_at_20": 0.011,
    "precision_at_3": 0.02667,
    "precision_at_5": 0.016,
    "recall_at_1": 0.04,
    "recall_at_10": 0.08,
    "recall_at_100": 1.0,
    "recall_at_1000": 1.0,
    "recall_at_20": 0.22,
    "recall_at_3": 0.08,
    "recall_at_5": 0.08
  },
  "test_4096": {
    "evaluation_time": 2.32,
    "map_at_1": 0.88,
    "map_at_10": 0.90583,
    "map_at_100": 0.9075,
    "map_at_1000": 0.9075,
    "map_at_20": 0.9075,
    "map_at_3": 0.89333,
    "map_at_5": 0.90333,
    "mrr_at_1": 0.88,
    "mrr_at_10": 0.90583,
    "mrr_at_100": 0.9075,
    "mrr_at_1000": 0.9075,
    "mrr_at_20": 0.9075,
    "mrr_at_3": 0.89333,
    "mrr_at_5": 0.90333,
    "ndcg_at_1": 0.88,
    "ndcg_at_10": 0.92354,
    "ndcg_at_100": 0.92894,
    "ndcg_at_1000": 0.92894,
    "ndcg_at_20": 0.92894,
    "ndcg_at_3": 0.9,
    "ndcg_at_5": 0.91723,
    "precision_at_1": 0.88,
    "precision_at_10": 0.098,
    "precision_at_100": 0.01,
    "precision_at_1000": 0.001,
    "precision_at_20": 0.05,
    "precision_at_3": 0.30667,
    "precision_at_5": 0.192,
    "recall_at_1": 0.88,
    "recall_at_10": 0.98,
    "recall_at_100": 1.0,
    "recall_at_1000": 1.0,
    "recall_at_20": 1.0,
    "recall_at_3": 0.92,
    "recall_at_5": 0.96
  },
  "test_512": {
    "evaluation_time": 0.55,
    "map_at_1": 0.96,
    "map_at_10": 0.97667,
    "map_at_100": 0.97667,
    "map_at_1000": 0.97667,
    "map_at_20": 0.97667,
    "map_at_3": 0.97667,
    "map_at_5": 0.97667,
    "mrr_at_1": 0.96,
    "mrr_at_10": 0.97667,
    "mrr_at_100": 0.97667,
    "mrr_at_1000": 0.97667,
    "mrr_at_20": 0.97667,
    "mrr_at_3": 0.97667,
    "mrr_at_5": 0.97667,
    "ndcg_at_1": 0.96,
    "ndcg_at_10": 0.98262,
    "ndcg_at_100": 0.98262,
    "ndcg_at_1000": 0.98262,
    "ndcg_at_20": 0.98262,
    "ndcg_at_3": 0.98262,
    "ndcg_at_5": 0.98262,
    "precision_at_1": 0.96,
    "precision_at_10": 0.1,
    "precision_at_100": 0.01,
    "precision_at_1000": 0.001,
    "precision_at_20": 0.05,
    "precision_at_3": 0.33333,
    "precision_at_5": 0.2,
    "recall_at_1": 0.96,
    "recall_at_10": 1.0,
    "recall_at_100": 1.0,
    "recall_at_1000": 1.0,
    "recall_at_20": 1.0,
    "recall_at_3": 1.0,
    "recall_at_5": 1.0
  },
  "test_8192": {
    "evaluation_time": 3.13,
    "map_at_1": 0.38,
    "map_at_10": 0.42333,
    "map_at_100": 0.43112,
    "map_at_1000": 0.43112,
    "map_at_20": 0.42458,
    "map_at_3": 0.42333,
    "map_at_5": 0.42333,
    "mrr_at_1": 0.38,
    "mrr_at_10": 0.42333,
    "mrr_at_100": 0.43132,
    "mrr_at_1000": 0.43132,
    "mrr_at_20": 0.42458,
    "mrr_at_3": 0.42333,
    "mrr_at_5": 0.42333,
    "ndcg_at_1": 0.38,
    "ndcg_at_10": 0.43786,
    "ndcg_at_100": 0.52225,
    "ndcg_at_1000": 0.52225,
    "ndcg_at_20": 0.44275,
    "ndcg_at_3": 0.43786,
    "ndcg_at_5": 0.43786,
    "precision_at_1": 0.38,
    "precision_at_10": 0.048,
    "precision_at_100": 0.01,
    "precision_at_1000": 0.001,
    "precision_at_20": 0.025,
    "precision_at_3": 0.16,
    "precision_at_5": 0.096,
    "recall_at_1": 0.38,
    "recall_at_10": 0.48,
    "recall_at_100": 1.0,
    "recall_at_1000": 1.0,
    "recall_at_20": 0.5,
    "recall_at_3": 0.48,
    "recall_at_5": 0.48
  }
}