{
  "dataset_revision": "6e346642246bfb4928c560ee08640dc84d074e8c",
  "mteb_dataset_name": "LEMBNeedleRetrieval",
  "mteb_version": "1.6.23",
  "test_1024": {
    "evaluation_time": 0.56,
    "map_at_1": 0.74,
    "map_at_10": 0.82686,
    "map_at_100": 0.82811,
    "map_at_1000": 0.82811,
    "map_at_20": 0.82811,
    "map_at_3": 0.80667,
    "map_at_5": 0.82067,
    "mrr_at_1": 0.74,
    "mrr_at_10": 0.82686,
    "mrr_at_100": 0.82811,
    "mrr_at_1000": 0.82811,
    "mrr_at_20": 0.82811,
    "mrr_at_3": 0.80667,
    "mrr_at_5": 0.82067,
    "ndcg_at_1": 0.74,
    "ndcg_at_10": 0.86447,
    "ndcg_at_100": 0.86936,
    "ndcg_at_1000": 0.86936,
    "ndcg_at_20": 0.86936,
    "ndcg_at_3": 0.82571,
    "ndcg_at_5": 0.85068,
    "precision_at_1": 0.74,
    "precision_at_10": 0.098,
    "precision_at_100": 0.01,
    "precision_at_1000": 0.001,
    "precision_at_20": 0.05,
    "precision_at_3": 0.29333,
    "precision_at_5": 0.188,
    "recall_at_1": 0.74,
    "recall_at_10": 0.98,
    "recall_at_100": 1.0,
    "recall_at_1000": 1.0,
    "recall_at_20": 1.0,
    "recall_at_3": 0.88,
    "recall_at_5": 0.94
  },
  "test_16384": {
    "evaluation_time": 4.77,
    "map_at_1": 0.06,
    "map_at_10": 0.1165,
    "map_at_100": 0.13188,
    "map_at_1000": 0.13188,
    "map_at_20": 0.1165,
    "map_at_3": 0.09667,
    "map_at_5": 0.11067,
    "mrr_at_1": 0.06,
    "mrr_at_10": 0.1165,
    "mrr_at_100": 0.12974,
    "mrr_at_1000": 0.12974,
    "mrr_at_20": 0.1165,
    "mrr_at_3": 0.09667,
    "mrr_at_5": 0.11067,
    "ndcg_at_1": 0.06,
    "ndcg_at_10": 0.14625,
    "ndcg_at_100": 0.27924,
    "ndcg_at_1000": 0.27924,
    "ndcg_at_20": 0.14625,
    "ndcg_at_3": 0.10786,
    "ndcg_at_5": 0.13282,
    "precision_at_1": 0.06,
    "precision_at_10": 0.024,
    "precision_at_100": 0.01,
    "precision_at_1000": 0.001,
    "precision_at_20": 0.012,
    "precision_at_3": 0.04667,
    "precision_at_5": 0.04,
    "recall_at_1": 0.06,
    "recall_at_10": 0.24,
    "recall_at_100": 1.0,
    "recall_at_1000": 1.0,
    "recall_at_20": 0.24,
    "recall_at_3": 0.14,
    "recall_at_5": 0.2
  },
  "test_2048": {
    "evaluation_time": 1.08,
    "map_at_1": 0.52,
    "map_at_10": 0.61489,
    "map_at_100": 0.6199,
    "map_at_1000": 0.6199,
    "map_at_20": 0.61622,
    "map_at_3": 0.57667,
    "map_at_5": 0.59867,
    "mrr_at_1": 0.52,
    "mrr_at_10": 0.61489,
    "mrr_at_100": 0.6199,
    "mrr_at_1000": 0.6199,
    "mrr_at_20": 0.61622,
    "mrr_at_3": 0.57667,
    "mrr_at_5": 0.59867,
    "ndcg_at_1": 0.52,
    "ndcg_at_10": 0.67725,
    "ndcg_at_100": 0.70296,
    "ndcg_at_1000": 0.70296,
    "ndcg_at_20": 0.68225,
    "ndcg_at_3": 0.59786,
    "ndcg_at_5": 0.63829,
    "precision_at_1": 0.52,
    "precision_at_10": 0.088,
    "precision_at_100": 0.01,
    "precision_at_1000": 0.001,
    "precision_at_20": 0.045,
    "precision_at_3": 0.22,
    "precision_at_5": 0.152,
    "recall_at_1": 0.52,
    "recall_at_10": 0.88,
    "recall_at_100": 1.0,
    "recall_at_1000": 1.0,
    "recall_at_20": 0.9,
    "recall_at_3": 0.66,
    "recall_at_5": 0.76
  },
  "test_256": {
    "evaluation_time": 2.49,
    "map_at_1": 0.8,
    "map_at_10": 0.89,
    "map_at_100": 0.89,
    "map_at_1000": 0.89,
    "map_at_20": 0.89,
    "map_at_3": 0.89,
    "map_at_5": 0.89,
    "mrr_at_1": 0.8,
    "mrr_at_10": 0.89,
    "mrr_at_100": 0.89,
    "mrr_at_1000": 0.89,
    "mrr_at_20": 0.89,
    "mrr_at_3": 0.89,
    "mrr_at_5": 0.89,
    "ndcg_at_1": 0.8,
    "ndcg_at_10": 0.91833,
    "ndcg_at_100": 0.91833,
    "ndcg_at_1000": 0.91833,
    "ndcg_at_20": 0.91833,
    "ndcg_at_3": 0.91833,
    "ndcg_at_5": 0.91833,
    "precision_at_1": 0.8,
    "precision_at_10": 0.1,
    "precision_at_100": 0.01,
    "precision_at_1000": 0.001,
    "precision_at_20": 0.05,
    "precision_at_3": 0.33333,
    "precision_at_5": 0.2,
    "recall_at_1": 0.8,
    "recall_at_10": 1.0,
    "recall_at_100": 1.0,
    "recall_at_1000": 1.0,
    "recall_at_20": 1.0,
    "recall_at_3": 1.0,
    "recall_at_5": 1.0
  },
  "test_32768": {
    "evaluation_time": 8.35,
    "map_at_1": 0.04,
    "map_at_10": 0.05139,
    "map_at_100": 0.07371,
    "map_at_1000": 0.07371,
    "map_at_20": 0.05832,
    "map_at_3": 0.04667,
    "map_at_5": 0.04667,
    "mrr_at_1": 0.04,
    "mrr_at_10": 0.04667,
    "mrr_at_100": 0.07355,
    "mrr_at_1000": 0.07355,
    "mrr_at_20": 0.05538,
    "mrr_at_3": 0.04667,
    "mrr_at_5": 0.04667,
    "ndcg_at_1": 0.04,
    "ndcg_at_10": 0.06233,
    "ndcg_at_100": 0.22547,
    "ndcg_at_1000": 0.22547,
    "ndcg_at_20": 0.08762,
    "ndcg_at_3": 0.05,
    "ndcg_at_5": 0.05,
    "precision_at_1": 0.04,
    "precision_at_10": 0.01,
    "precision_at_100": 0.01,
    "precision_at_1000": 0.001,
    "precision_at_20": 0.01,
    "precision_at_3": 0.02,
    "precision_at_5": 0.012,
    "recall_at_1": 0.04,
    "recall_at_10": 0.1,
    "recall_at_100": 1.0,
    "recall_at_1000": 1.0,
    "recall_at_20": 0.2,
    "recall_at_3": 0.06,
    "recall_at_5": 0.06
  },
  "test_4096": {
    "evaluation_time": 2.23,
    "map_at_1": 0.28,
    "map_at_10": 0.4565,
    "map_at_100": 0.4677,
    "map_at_1000": 0.4677,
    "map_at_20": 0.46286,
    "map_at_3": 0.41333,
    "map_at_5": 0.44533,
    "mrr_at_1": 0.28,
    "mrr_at_10": 0.4565,
    "mrr_at_100": 0.4677,
    "mrr_at_1000": 0.4677,
    "mrr_at_20": 0.46286,
    "mrr_at_3": 0.41333,
    "mrr_at_5": 0.44533,
    "ndcg_at_1": 0.28,
    "ndcg_at_10": 0.53543,
    "ndcg_at_100": 0.58493,
    "ndcg_at_1000": 0.58493,
    "ndcg_at_20": 0.55662,
    "ndcg_at_3": 0.45142,
    "ndcg_at_5": 0.50909,
    "precision_at_1": 0.28,
    "precision_at_10": 0.078,
    "precision_at_100": 0.01,
    "precision_at_1000": 0.001,
    "precision_at_20": 0.043,
    "precision_at_3": 0.18667,
    "precision_at_5": 0.14,
    "recall_at_1": 0.28,
    "recall_at_10": 0.78,
    "recall_at_100": 1.0,
    "recall_at_1000": 1.0,
    "recall_at_20": 0.86,
    "recall_at_3": 0.56,
    "recall_at_5": 0.7
  },
  "test_512": {
    "evaluation_time": 0.44,
    "map_at_1": 0.76,
    "map_at_10": 0.841,
    "map_at_100": 0.841,
    "map_at_1000": 0.841,
    "map_at_20": 0.841,
    "map_at_3": 0.82,
    "map_at_5": 0.841,
    "mrr_at_1": 0.76,
    "mrr_at_10": 0.841,
    "mrr_at_100": 0.841,
    "mrr_at_1000": 0.841,
    "mrr_at_20": 0.841,
    "mrr_at_3": 0.82,
    "mrr_at_5": 0.841,
    "ndcg_at_1": 0.76,
    "ndcg_at_10": 0.88004,
    "ndcg_at_100": 0.88004,
    "ndcg_at_1000": 0.88004,
    "ndcg_at_20": 0.88004,
    "ndcg_at_3": 0.84047,
    "ndcg_at_5": 0.88004,
    "precision_at_1": 0.76,
    "precision_at_10": 0.1,
    "precision_at_100": 0.01,
    "precision_at_1000": 0.001,
    "precision_at_20": 0.05,
    "precision_at_3": 0.3,
    "precision_at_5": 0.2,
    "recall_at_1": 0.76,
    "recall_at_10": 1.0,
    "recall_at_100": 1.0,
    "recall_at_1000": 1.0,
    "recall_at_20": 1.0,
    "recall_at_3": 0.9,
    "recall_at_5": 1.0
  },
  "test_8192": {
    "evaluation_time": 3.19,
    "map_at_1": 0.12,
    "map_at_10": 0.1769,
    "map_at_100": 0.19232,
    "map_at_1000": 0.19232,
    "map_at_20": 0.18144,
    "map_at_3": 0.16333,
    "map_at_5": 0.16833,
    "mrr_at_1": 0.12,
    "mrr_at_10": 0.1769,
    "mrr_at_100": 0.1927,
    "mrr_at_1000": 0.1927,
    "mrr_at_20": 0.18144,
    "mrr_at_3": 0.16333,
    "mrr_at_5": 0.16833,
    "ndcg_at_1": 0.12,
    "ndcg_at_10": 0.20647,
    "ndcg_at_100": 0.33011,
    "ndcg_at_1000": 0.33011,
    "ndcg_at_20": 0.22541,
    "ndcg_at_3": 0.17786,
    "ndcg_at_5": 0.18647,
    "precision_at_1": 0.12,
    "precision_at_10": 0.03,
    "precision_at_100": 0.01,
    "precision_at_1000": 0.001,
    "precision_at_20": 0.019,
    "precision_at_3": 0.07333,
    "precision_at_5": 0.048,
    "recall_at_1": 0.12,
    "recall_at_10": 0.3,
    "recall_at_100": 1.0,
    "recall_at_1000": 1.0,
    "recall_at_20": 0.38,
    "recall_at_3": 0.22,
    "recall_at_5": 0.24
  }
}