{
  "dataset_revision": "6e346642246bfb4928c560ee08640dc84d074e8c",
  "mteb_dataset_name": "LEMBQMSumRetrieval",
  "mteb_version": "1.6.23",
  "test": {
    "evaluation_time": 5.33,
    "map_at_1": 0.10936,
    "map_at_10": 0.1781,
    "map_at_100": 0.19382,
    "map_at_1000": 0.19472,
    "map_at_20": 0.18476,
    "map_at_3": 0.14877,
    "map_at_5": 0.16281,
    "mrr_at_1": 0.10936,
    "mrr_at_10": 0.1781,
    "mrr_at_100": 0.19382,
    "mrr_at_1000": 0.19472,
    "mrr_at_20": 0.18476,
    "mrr_at_3": 0.14877,
    "mrr_at_5": 0.16281,
    "ndcg_at_1": 0.10936,
    "ndcg_at_10": 0.2243,
    "ndcg_at_100": 0.32281,
    "ndcg_at_1000": 0.33862,
    "ndcg_at_20": 0.24882,
    "ndcg_at_3": 0.162,
    "ndcg_at_5": 0.18761,
    "precision_at_1": 0.10936,
    "precision_at_10": 0.03759,
    "precision_at_100": 0.0089,
    "precision_at_1000": 0.001,
    "precision_at_20": 0.02367,
    "precision_at_3": 0.0668,
    "precision_at_5": 0.05265,
    "recall_at_1": 0.10936,
    "recall_at_10": 0.3759,
    "recall_at_100": 0.88998,
    "recall_at_1000": 1.0,
    "recall_at_20": 0.47348,
    "recall_at_3": 0.20039,
    "recall_at_5": 0.26326
  }
}