{
  "dataset_revision": "6e346642246bfb4928c560ee08640dc84d074e8c",
  "mteb_dataset_name": "LEMBNarrativeQARetrieval",
  "mteb_version": "1.6.23",
  "test": {
    "evaluation_time": 49.74,
    "map_at_1": 0.19437,
    "map_at_10": 0.23342,
    "map_at_100": 0.24292,
    "map_at_1000": 0.24493,
    "map_at_20": 0.23763,
    "map_at_3": 0.22072,
    "map_at_5": 0.22706,
    "mrr_at_1": 0.19437,
    "mrr_at_10": 0.23342,
    "mrr_at_100": 0.24292,
    "mrr_at_1000": 0.24493,
    "mrr_at_20": 0.23763,
    "mrr_at_3": 0.22072,
    "mrr_at_5": 0.22706,
    "ndcg_at_1": 0.19437,
    "ndcg_at_10": 0.25629,
    "ndcg_at_100": 0.31402,
    "ndcg_at_1000": 0.363,
    "ndcg_at_20": 0.27181,
    "ndcg_at_3": 0.22929,
    "ndcg_at_5": 0.2408,
    "precision_at_1": 0.19437,
    "precision_at_10": 0.03303,
    "precision_at_100": 0.00628,
    "precision_at_1000": 0.001,
    "precision_at_20": 0.0196,
    "precision_at_3": 0.0847,
    "precision_at_5": 0.05645,
    "recall_at_1": 0.19437,
    "recall_at_10": 0.33027,
    "recall_at_100": 0.62781,
    "recall_at_1000": 1.0,
    "recall_at_20": 0.392,
    "recall_at_3": 0.25409,
    "recall_at_5": 0.28223
  }
}