{
  "dataset_revision": "6e346642246bfb4928c560ee08640dc84d074e8c",
  "mteb_dataset_name": "LEMBSummScreenFDRetrieval",
  "mteb_version": "1.6.23",
  "validation": {
    "evaluation_time": 4.75,
    "map_at_1": 0.4494,
    "map_at_10": 0.54907,
    "map_at_100": 0.55732,
    "map_at_1000": 0.55763,
    "map_at_20": 0.55516,
    "map_at_3": 0.52083,
    "map_at_5": 0.5381,
    "mrr_at_1": 0.4494,
    "mrr_at_10": 0.54907,
    "mrr_at_100": 0.55732,
    "mrr_at_1000": 0.55763,
    "mrr_at_20": 0.55516,
    "mrr_at_3": 0.52083,
    "mrr_at_5": 0.5381,
    "ndcg_at_1": 0.4494,
    "ndcg_at_10": 0.60322,
    "ndcg_at_100": 0.64292,
    "ndcg_at_1000": 0.64844,
    "ndcg_at_20": 0.62618,
    "ndcg_at_3": 0.54379,
    "ndcg_at_5": 0.57529,
    "precision_at_1": 0.4494,
    "precision_at_10": 0.07768,
    "precision_at_100": 0.00961,
    "precision_at_1000": 0.001,
    "precision_at_20": 0.04345,
    "precision_at_3": 0.20337,
    "precision_at_5": 0.1375,
    "recall_at_1": 0.4494,
    "recall_at_10": 0.77679,
    "recall_at_100": 0.96131,
    "recall_at_1000": 1.0,
    "recall_at_20": 0.86905,
    "recall_at_3": 0.61012,
    "recall_at_5": 0.6875
  }
}