{
  "dataset_revision": "6e346642246bfb4928c560ee08640dc84d074e8c",
  "mteb_dataset_name": "LEMBWikimQARetrieval",
  "mteb_version": "1.6.23",
  "test": {
    "evaluation_time": 4.16,
    "map_at_1": 0.41667,
    "map_at_10": 0.48228,
    "map_at_100": 0.49084,
    "map_at_1000": 0.49168,
    "map_at_20": 0.48677,
    "map_at_3": 0.46556,
    "map_at_5": 0.47372,
    "mrr_at_1": 0.41667,
    "mrr_at_10": 0.48235,
    "mrr_at_100": 0.49125,
    "mrr_at_1000": 0.49206,
    "mrr_at_20": 0.48715,
    "mrr_at_3": 0.46667,
    "mrr_at_5": 0.47417,
    "ndcg_at_1": 0.41667,
    "ndcg_at_10": 0.51661,
    "ndcg_at_100": 0.56687,
    "ndcg_at_1000": 0.58316,
    "ndcg_at_20": 0.53275,
    "ndcg_at_3": 0.48047,
    "ndcg_at_5": 0.49539,
    "precision_at_1": 0.41667,
    "precision_at_10": 0.06267,
    "precision_at_100": 0.00883,
    "precision_at_1000": 0.001,
    "precision_at_20": 0.0345,
    "precision_at_3": 0.17444,
    "precision_at_5": 0.112,
    "recall_at_1": 0.41667,
    "recall_at_10": 0.62667,
    "recall_at_100": 0.88333,
    "recall_at_1000": 1.0,
    "recall_at_20": 0.69,
    "recall_at_3": 0.52333,
    "recall_at_5": 0.56
  }
}