{
  "dataset_revision": "6e346642246bfb4928c560ee08640dc84d074e8c",
  "mteb_dataset_name": "LEMBPasskeyRetrieval",
  "mteb_version": "1.6.23",
  "test_1024": {
    "evaluation_time": 0.37,
    "map_at_1": 0.18,
    "map_at_10": 0.28911,
    "map_at_100": 0.30384,
    "map_at_1000": 0.30384,
    "map_at_20": 0.29866,
    "map_at_3": 0.27667,
    "map_at_5": 0.28067,
    "mrr_at_1": 0.18,
    "mrr_at_10": 0.28911,
    "mrr_at_100": 0.30382,
    "mrr_at_1000": 0.30382,
    "mrr_at_20": 0.29866,
    "mrr_at_3": 0.27667,
    "mrr_at_5": 0.28067,
    "ndcg_at_1": 0.18,
    "ndcg_at_10": 0.33967,
    "ndcg_at_100": 0.43235,
    "ndcg_at_1000": 0.43235,
    "ndcg_at_20": 0.3715,
    "ndcg_at_3": 0.30833,
    "ndcg_at_5": 0.31607,
    "precision_at_1": 0.18,
    "precision_at_10": 0.05,
    "precision_at_100": 0.01,
    "precision_at_1000": 0.001,
    "precision_at_20": 0.031,
    "precision_at_3": 0.13333,
    "precision_at_5": 0.084,
    "recall_at_1": 0.18,
    "recall_at_10": 0.5,
    "recall_at_100": 1.0,
    "recall_at_1000": 1.0,
    "recall_at_20": 0.62,
    "recall_at_3": 0.4,
    "recall_at_5": 0.42
  },
  "test_16384": {
    "evaluation_time": 2.05,
    "map_at_1": 0.02,
    "map_at_10": 0.03533,
    "map_at_100": 0.05936,
    "map_at_1000": 0.05936,
    "map_at_20": 0.04317,
    "map_at_3": 0.03,
    "map_at_5": 0.03,
    "mrr_at_1": 0.02,
    "mrr_at_10": 0.04139,
    "mrr_at_100": 0.06408,
    "mrr_at_1000": 0.06408,
    "mrr_at_20": 0.04885,
    "mrr_at_3": 0.03667,
    "mrr_at_5": 0.03667,
    "ndcg_at_1": 0.02,
    "ndcg_at_10": 0.04552,
    "ndcg_at_100": 0.215,
    "ndcg_at_1000": 0.215,
    "ndcg_at_20": 0.07529,
    "ndcg_at_3": 0.03262,
    "ndcg_at_5": 0.03262,
    "precision_at_1": 0.02,
    "precision_at_10": 0.008,
    "precision_at_100": 0.01,
    "precision_at_1000": 0.001,
    "precision_at_20": 0.01,
    "precision_at_3": 0.01333,
    "precision_at_5": 0.008,
    "recall_at_1": 0.02,
    "recall_at_10": 0.08,
    "recall_at_100": 1.0,
    "recall_at_1000": 1.0,
    "recall_at_20": 0.2,
    "recall_at_3": 0.04,
    "recall_at_5": 0.04
  },
  "test_2048": {
    "evaluation_time": 0.47,
    "map_at_1": 0.1,
    "map_at_10": 0.139,
    "map_at_100": 0.1536,
    "map_at_1000": 0.1536,
    "map_at_20": 0.139,
    "map_at_3": 0.12667,
    "map_at_5": 0.13567,
    "mrr_at_1": 0.1,
    "mrr_at_10": 0.139,
    "mrr_at_100": 0.15401,
    "mrr_at_1000": 0.15401,
    "mrr_at_20": 0.139,
    "mrr_at_3": 0.12667,
    "mrr_at_5": 0.13567,
    "ndcg_at_1": 0.1,
    "ndcg_at_10": 0.15871,
    "ndcg_at_100": 0.29247,
    "ndcg_at_1000": 0.29247,
    "ndcg_at_20": 0.15871,
    "ndcg_at_3": 0.13524,
    "ndcg_at_5": 0.15159,
    "precision_at_1": 0.1,
    "precision_at_10": 0.022,
    "precision_at_100": 0.01,
    "precision_at_1000": 0.001,
    "precision_at_20": 0.011,
    "precision_at_3": 0.05333,
    "precision_at_5": 0.04,
    "recall_at_1": 0.1,
    "recall_at_10": 0.22,
    "recall_at_100": 1.0,
    "recall_at_1000": 1.0,
    "recall_at_20": 0.22,
    "recall_at_3": 0.16,
    "recall_at_5": 0.2
  },
  "test_256": {
    "evaluation_time": 0.25,
    "map_at_1": 0.76,
    "map_at_10": 0.83417,
    "map_at_100": 0.83668,
    "map_at_1000": 0.83668,
    "map_at_20": 0.8356,
    "map_at_3": 0.82667,
    "map_at_5": 0.83167,
    "mrr_at_1": 0.76,
    "mrr_at_10": 0.83417,
    "mrr_at_100": 0.83668,
    "mrr_at_1000": 0.83668,
    "mrr_at_20": 0.8356,
    "mrr_at_3": 0.82667,
    "mrr_at_5": 0.83167,
    "ndcg_at_1": 0.76,
    "ndcg_at_10": 0.86063,
    "ndcg_at_100": 0.87328,
    "ndcg_at_1000": 0.87328,
    "ndcg_at_20": 0.86575,
    "ndcg_at_3": 0.84571,
    "ndcg_at_5": 0.85433,
    "precision_at_1": 0.76,
    "precision_at_10": 0.094,
    "precision_at_100": 0.01,
    "precision_at_1000": 0.001,
    "precision_at_20": 0.048,
    "precision_at_3": 0.3,
    "precision_at_5": 0.184,
    "recall_at_1": 0.76,
    "recall_at_10": 0.94,
    "recall_at_100": 1.0,
    "recall_at_1000": 1.0,
    "recall_at_20": 0.96,
    "recall_at_3": 0.9,
    "recall_at_5": 0.92
  },
  "test_32768": {
    "evaluation_time": 4.45,
    "map_at_1": 0.02,
    "map_at_10": 0.04441,
    "map_at_100": 0.06686,
    "map_at_1000": 0.06686,
    "map_at_20": 0.0519,
    "map_at_3": 0.03,
    "map_at_5": 0.034,
    "mrr_at_1": 0.02,
    "mrr_at_10": 0.04089,
    "mrr_at_100": 0.0601,
    "mrr_at_1000": 0.0601,
    "mrr_at_20": 0.04457,
    "mrr_at_3": 0.03667,
    "mrr_at_5": 0.03667,
    "ndcg_at_1": 0.02,
    "ndcg_at_10": 0.06595,
    "ndcg_at_100": 0.22436,
    "ndcg_at_1000": 0.22436,
    "ndcg_at_20": 0.09521,
    "ndcg_at_3": 0.03262,
    "ndcg_at_5": 0.04036,
    "precision_at_1": 0.02,
    "precision_at_10": 0.014,
    "precision_at_100": 0.01,
    "precision_at_1000": 0.001,
    "precision_at_20": 0.013,
    "precision_at_3": 0.01333,
    "precision_at_5": 0.012,
    "recall_at_1": 0.02,
    "recall_at_10": 0.14,
    "recall_at_100": 1.0,
    "recall_at_1000": 1.0,
    "recall_at_20": 0.26,
    "recall_at_3": 0.04,
    "recall_at_5": 0.06
  },
  "test_4096": {
    "evaluation_time": 0.67,
    "map_at_1": 0.06,
    "map_at_10": 0.095,
    "map_at_100": 0.1138,
    "map_at_1000": 0.1138,
    "map_at_20": 0.09869,
    "map_at_3": 0.09,
    "map_at_5": 0.095,
    "mrr_at_1": 0.06,
    "mrr_at_10": 0.095,
    "mrr_at_100": 0.11537,
    "mrr_at_1000": 0.11537,
    "mrr_at_20": 0.09866,
    "mrr_at_3": 0.09,
    "mrr_at_5": 0.095,
    "ndcg_at_1": 0.06,
    "ndcg_at_10": 0.10647,
    "ndcg_at_100": 0.25869,
    "ndcg_at_1000": 0.25869,
    "ndcg_at_20": 0.12107,
    "ndcg_at_3": 0.09786,
    "ndcg_at_5": 0.10647,
    "precision_at_1": 0.06,
    "precision_at_10": 0.014,
    "precision_at_100": 0.01,
    "precision_at_1000": 0.001,
    "precision_at_20": 0.01,
    "precision_at_3": 0.04,
    "precision_at_5": 0.028,
    "recall_at_1": 0.06,
    "recall_at_10": 0.14,
    "recall_at_100": 1.0,
    "recall_at_1000": 1.0,
    "recall_at_20": 0.2,
    "recall_at_3": 0.12,
    "recall_at_5": 0.14
  },
  "test_512": {
    "evaluation_time": 0.29,
    "map_at_1": 0.28,
    "map_at_10": 0.35891,
    "map_at_100": 0.38231,
    "map_at_1000": 0.38231,
    "map_at_20": 0.37356,
    "map_at_3": 0.33667,
    "map_at_5": 0.34467,
    "mrr_at_1": 0.28,
    "mrr_at_10": 0.35891,
    "mrr_at_100": 0.38231,
    "mrr_at_1000": 0.38231,
    "mrr_at_20": 0.37356,
    "mrr_at_3": 0.33667,
    "mrr_at_5": 0.34467,
    "ndcg_at_1": 0.28,
    "ndcg_at_10": 0.40181,
    "ndcg_at_100": 0.5066,
    "ndcg_at_1000": 0.5066,
    "ndcg_at_20": 0.45998,
    "ndcg_at_3": 0.35309,
    "ndcg_at_5": 0.36857,
    "precision_at_1": 0.28,
    "precision_at_10": 0.054,
    "precision_at_100": 0.01,
    "precision_at_1000": 0.001,
    "precision_at_20": 0.039,
    "precision_at_3": 0.13333,
    "precision_at_5": 0.088,
    "recall_at_1": 0.28,
    "recall_at_10": 0.54,
    "recall_at_100": 1.0,
    "recall_at_1000": 1.0,
    "recall_at_20": 0.78,
    "recall_at_3": 0.4,
    "recall_at_5": 0.44
  },
  "test_8192": {
    "evaluation_time": 1.13,
    "map_at_1": 0.02,
    "map_at_10": 0.03908,
    "map_at_100": 0.06177,
    "map_at_1000": 0.06177,
    "map_at_20": 0.04676,
    "map_at_3": 0.03,
    "map_at_5": 0.034,
    "mrr_at_1": 0.02,
    "mrr_at_10": 0.0385,
    "mrr_at_100": 0.06068,
    "mrr_at_1000": 0.06068,
    "mrr_at_20": 0.04656,
    "mrr_at_3": 0.03,
    "mrr_at_5": 0.034,
    "ndcg_at_1": 0.02,
    "ndcg_at_10": 0.05304,
    "ndcg_at_100": 0.21732,
    "ndcg_at_1000": 0.21732,
    "ndcg_at_20": 0.08259,
    "ndcg_at_3": 0.03262,
    "ndcg_at_5": 0.04036,
    "precision_at_1": 0.02,
    "precision_at_10": 0.01,
    "precision_at_100": 0.01,
    "precision_at_1000": 0.001,
    "precision_at_20": 0.011,
    "precision_at_3": 0.01333,
    "precision_at_5": 0.012,
    "recall_at_1": 0.02,
    "recall_at_10": 0.1,
    "recall_at_100": 1.0,
    "recall_at_1000": 1.0,
    "recall_at_20": 0.22,
    "recall_at_3": 0.04,
    "recall_at_5": 0.06
  }
}