{
  "dataset_revision": "6e346642246bfb4928c560ee08640dc84d074e8c",
  "mteb_dataset_name": "LEMBNeedleRetrieval",
  "mteb_version": "1.6.23",
  "test_1024": {
    "evaluation_time": 0.38,
    "map_at_1": 0.28,
    "map_at_10": 0.33467,
    "map_at_100": 0.34536,
    "map_at_1000": 0.34536,
    "map_at_20": 0.33467,
    "map_at_3": 0.32667,
    "map_at_5": 0.33467,
    "mrr_at_1": 0.28,
    "mrr_at_10": 0.33467,
    "mrr_at_100": 0.3462,
    "mrr_at_1000": 0.3462,
    "mrr_at_20": 0.33467,
    "mrr_at_3": 0.32667,
    "mrr_at_5": 0.33467,
    "ndcg_at_1": 0.28,
    "ndcg_at_10": 0.36071,
    "ndcg_at_100": 0.4577,
    "ndcg_at_1000": 0.4577,
    "ndcg_at_20": 0.36071,
    "ndcg_at_3": 0.34524,
    "ndcg_at_5": 0.36071,
    "precision_at_1": 0.28,
    "precision_at_10": 0.044,
    "precision_at_100": 0.01,
    "precision_at_1000": 0.001,
    "precision_at_20": 0.022,
    "precision_at_3": 0.13333,
    "precision_at_5": 0.088,
    "recall_at_1": 0.28,
    "recall_at_10": 0.44,
    "recall_at_100": 1.0,
    "recall_at_1000": 1.0,
    "recall_at_20": 0.44,
    "recall_at_3": 0.4,
    "recall_at_5": 0.44
  },
  "test_16384": {
    "evaluation_time": 2.38,
    "map_at_1": 0.0,
    "map_at_10": 0.01636,
    "map_at_100": 0.03937,
    "map_at_1000": 0.03937,
    "map_at_20": 0.02394,
    "map_at_3": 0.0,
    "map_at_5": 0.009,
    "mrr_at_1": 0.0,
    "mrr_at_10": 0.0173,
    "mrr_at_100": 0.04069,
    "mrr_at_1000": 0.04069,
    "mrr_at_20": 0.02296,
    "mrr_at_3": 0.00667,
    "mrr_at_5": 0.00667,
    "ndcg_at_1": 0.0,
    "ndcg_at_10": 0.03511,
    "ndcg_at_100": 0.20008,
    "ndcg_at_1000": 0.20008,
    "ndcg_at_20": 0.06451,
    "ndcg_at_3": 0.0,
    "ndcg_at_5": 0.01635,
    "precision_at_1": 0.0,
    "precision_at_10": 0.01,
    "precision_at_100": 0.01,
    "precision_at_1000": 0.001,
    "precision_at_20": 0.011,
    "precision_at_3": 0.0,
    "precision_at_5": 0.008,
    "recall_at_1": 0.0,
    "recall_at_10": 0.1,
    "recall_at_100": 1.0,
    "recall_at_1000": 1.0,
    "recall_at_20": 0.22,
    "recall_at_3": 0.0,
    "recall_at_5": 0.04
  },
  "test_2048": {
    "evaluation_time": 0.48,
    "map_at_1": 0.16,
    "map_at_10": 0.18,
    "map_at_100": 0.19764,
    "map_at_1000": 0.19764,
    "map_at_20": 0.18225,
    "map_at_3": 0.18,
    "map_at_5": 0.18,
    "mrr_at_1": 0.16,
    "mrr_at_10": 0.18,
    "mrr_at_100": 0.2005,
    "mrr_at_1000": 0.2005,
    "mrr_at_20": 0.18154,
    "mrr_at_3": 0.18,
    "mrr_at_5": 0.18,
    "ndcg_at_1": 0.16,
    "ndcg_at_10": 0.18524,
    "ndcg_at_100": 0.32748,
    "ndcg_at_1000": 0.32748,
    "ndcg_at_20": 0.19468,
    "ndcg_at_3": 0.18524,
    "ndcg_at_5": 0.18524,
    "precision_at_1": 0.16,
    "precision_at_10": 0.02,
    "precision_at_100": 0.01,
    "precision_at_1000": 0.001,
    "precision_at_20": 0.012,
    "precision_at_3": 0.06667,
    "precision_at_5": 0.04,
    "recall_at_1": 0.16,
    "recall_at_10": 0.2,
    "recall_at_100": 1.0,
    "recall_at_1000": 1.0,
    "recall_at_20": 0.24,
    "recall_at_3": 0.2,
    "recall_at_5": 0.2
  },
  "test_256": {
    "evaluation_time": 1.84,
    "map_at_1": 0.88,
    "map_at_10": 0.92667,
    "map_at_100": 0.92667,
    "map_at_1000": 0.92667,
    "map_at_20": 0.92667,
    "map_at_3": 0.91667,
    "map_at_5": 0.92667,
    "mrr_at_1": 0.88,
    "mrr_at_10": 0.92667,
    "mrr_at_100": 0.92667,
    "mrr_at_1000": 0.92667,
    "mrr_at_20": 0.92667,
    "mrr_at_3": 0.91667,
    "mrr_at_5": 0.92667,
    "ndcg_at_1": 0.88,
    "ndcg_at_10": 0.94508,
    "ndcg_at_100": 0.94508,
    "ndcg_at_1000": 0.94508,
    "ndcg_at_20": 0.94508,
    "ndcg_at_3": 0.92786,
    "ndcg_at_5": 0.94508,
    "precision_at_1": 0.88,
    "precision_at_10": 0.1,
    "precision_at_100": 0.01,
    "precision_at_1000": 0.001,
    "precision_at_20": 0.05,
    "precision_at_3": 0.32,
    "precision_at_5": 0.2,
    "recall_at_1": 0.88,
    "recall_at_10": 1.0,
    "recall_at_100": 1.0,
    "recall_at_1000": 1.0,
    "recall_at_20": 1.0,
    "recall_at_3": 0.96,
    "recall_at_5": 1.0
  },
  "test_32768": {
    "evaluation_time": 4.75,
    "map_at_1": 0.02,
    "map_at_10": 0.03841,
    "map_at_100": 0.06106,
    "map_at_1000": 0.06106,
    "map_at_20": 0.04651,
    "map_at_3": 0.02,
    "map_at_5": 0.03,
    "mrr_at_1": 0.02,
    "mrr_at_10": 0.03817,
    "mrr_at_100": 0.05961,
    "mrr_at_1000": 0.05961,
    "mrr_at_20": 0.04319,
    "mrr_at_3": 0.02,
    "mrr_at_5": 0.029,
    "ndcg_at_1": 0.02,
    "ndcg_at_10": 0.05704,
    "ndcg_at_100": 0.21806,
    "ndcg_at_1000": 0.21806,
    "ndcg_at_20": 0.08711,
    "ndcg_at_3": 0.02,
    "ndcg_at_5": 0.03723,
    "precision_at_1": 0.02,
    "precision_at_10": 0.012,
    "precision_at_100": 0.01,
    "precision_at_1000": 0.001,
    "precision_at_20": 0.012,
    "precision_at_3": 0.00667,
    "precision_at_5": 0.012,
    "recall_at_1": 0.02,
    "recall_at_10": 0.12,
    "recall_at_100": 1.0,
    "recall_at_1000": 1.0,
    "recall_at_20": 0.24,
    "recall_at_3": 0.02,
    "recall_at_5": 0.06
  },
  "test_4096": {
    "evaluation_time": 0.64,
    "map_at_1": 0.1,
    "map_at_10": 0.11286,
    "map_at_100": 0.13531,
    "map_at_1000": 0.13531,
    "map_at_20": 0.11978,
    "map_at_3": 0.11,
    "map_at_5": 0.11,
    "mrr_at_1": 0.1,
    "mrr_at_10": 0.11756,
    "mrr_at_100": 0.14248,
    "mrr_at_1000": 0.14248,
    "mrr_at_20": 0.12859,
    "mrr_at_3": 0.11,
    "mrr_at_5": 0.11,
    "ndcg_at_1": 0.1,
    "ndcg_at_10": 0.11929,
    "ndcg_at_100": 0.27732,
    "ndcg_at_1000": 0.27732,
    "ndcg_at_20": 0.14455,
    "ndcg_at_3": 0.11262,
    "ndcg_at_5": 0.11262,
    "precision_at_1": 0.1,
    "precision_at_10": 0.014,
    "precision_at_100": 0.01,
    "precision_at_1000": 0.001,
    "precision_at_20": 0.012,
    "precision_at_3": 0.04,
    "precision_at_5": 0.024,
    "recall_at_1": 0.1,
    "recall_at_10": 0.14,
    "recall_at_100": 1.0,
    "recall_at_1000": 1.0,
    "recall_at_20": 0.24,
    "recall_at_3": 0.12,
    "recall_at_5": 0.12
  },
  "test_512": {
    "evaluation_time": 0.34,
    "map_at_1": 0.54,
    "map_at_10": 0.67508,
    "map_at_100": 0.67953,
    "map_at_1000": 0.67953,
    "map_at_20": 0.67953,
    "map_at_3": 0.64667,
    "map_at_5": 0.66667,
    "mrr_at_1": 0.54,
    "mrr_at_10": 0.67508,
    "mrr_at_100": 0.67953,
    "mrr_at_1000": 0.67953,
    "mrr_at_20": 0.67953,
    "mrr_at_3": 0.64667,
    "mrr_at_5": 0.66667,
    "ndcg_at_1": 0.54,
    "ndcg_at_10": 0.73945,
    "ndcg_at_100": 0.755,
    "ndcg_at_1000": 0.755,
    "ndcg_at_20": 0.755,
    "ndcg_at_3": 0.68095,
    "ndcg_at_5": 0.71963,
    "precision_at_1": 0.54,
    "precision_at_10": 0.094,
    "precision_at_100": 0.01,
    "precision_at_1000": 0.001,
    "precision_at_20": 0.05,
    "precision_at_3": 0.26,
    "precision_at_5": 0.176,
    "recall_at_1": 0.54,
    "recall_at_10": 0.94,
    "recall_at_100": 1.0,
    "recall_at_1000": 1.0,
    "recall_at_20": 1.0,
    "recall_at_3": 0.78,
    "recall_at_5": 0.88
  },
  "test_8192": {
    "evaluation_time": 1.09,
    "map_at_1": 0.04,
    "map_at_10": 0.04686,
    "map_at_100": 0.06952,
    "map_at_1000": 0.06952,
    "map_at_20": 0.05343,
    "map_at_3": 0.04,
    "map_at_5": 0.044,
    "mrr_at_1": 0.04,
    "mrr_at_10": 0.04889,
    "mrr_at_100": 0.07512,
    "mrr_at_1000": 0.07512,
    "mrr_at_20": 0.05824,
    "mrr_at_3": 0.04667,
    "mrr_at_5": 0.04667,
    "ndcg_at_1": 0.04,
    "ndcg_at_10": 0.0544,
    "ndcg_at_100": 0.2214,
    "ndcg_at_1000": 0.2214,
    "ndcg_at_20": 0.07924,
    "ndcg_at_3": 0.04,
    "ndcg_at_5": 0.04774,
    "precision_at_1": 0.04,
    "precision_at_10": 0.008,
    "precision_at_100": 0.01,
    "precision_at_1000": 0.001,
    "precision_at_20": 0.009,
    "precision_at_3": 0.01333,
    "precision_at_5": 0.012,
    "recall_at_1": 0.04,
    "recall_at_10": 0.08,
    "recall_at_100": 1.0,
    "recall_at_1000": 1.0,
    "recall_at_20": 0.18,
    "recall_at_3": 0.04,
    "recall_at_5": 0.06
  }
}