{
  "dataset_revision": "6e346642246bfb4928c560ee08640dc84d074e8c",
  "mteb_dataset_name": "LEMBQMSumRetrieval",
  "mteb_version": "1.6.23",
  "test": {
    "evaluation_time": 5.45,
    "map_at_1": 0.12181,
    "map_at_10": 0.19324,
    "map_at_100": 0.21019,
    "map_at_1000": 0.21086,
    "map_at_20": 0.20071,
    "map_at_3": 0.1647,
    "map_at_5": 0.18088,
    "mrr_at_1": 0.12181,
    "mrr_at_10": 0.19318,
    "mrr_at_100": 0.21013,
    "mrr_at_1000": 0.21081,
    "mrr_at_20": 0.20066,
    "mrr_at_3": 0.16448,
    "mrr_at_5": 0.18082,
    "ndcg_at_1": 0.12181,
    "ndcg_at_10": 0.23834,
    "ndcg_at_100": 0.34174,
    "ndcg_at_1000": 0.35344,
    "ndcg_at_20": 0.26551,
    "ndcg_at_3": 0.17905,
    "ndcg_at_5": 0.20819,
    "precision_at_1": 0.12181,
    "precision_at_10": 0.03851,
    "precision_at_100": 0.00919,
    "precision_at_1000": 0.001,
    "precision_at_20": 0.02462,
    "precision_at_3": 0.07356,
    "precision_at_5": 0.05828,
    "recall_at_1": 0.12181,
    "recall_at_10": 0.38507,
    "recall_at_100": 0.9188,
    "recall_at_1000": 1.0,
    "recall_at_20": 0.49247,
    "recall_at_3": 0.22069,
    "recall_at_5": 0.29142
  }
}