{
  "dataset_revision": "6e346642246bfb4928c560ee08640dc84d074e8c",
  "mteb_dataset_name": "LEMBWikimQARetrieval",
  "mteb_version": "1.6.23",
  "test": {
    "evaluation_time": 4.11,
    "map_at_1": 0.47667,
    "map_at_10": 0.5307,
    "map_at_100": 0.54078,
    "map_at_1000": 0.54132,
    "map_at_20": 0.53504,
    "map_at_3": 0.51778,
    "map_at_5": 0.52478,
    "mrr_at_1": 0.47667,
    "mrr_at_10": 0.53062,
    "mrr_at_100": 0.54072,
    "mrr_at_1000": 0.54126,
    "mrr_at_20": 0.53498,
    "mrr_at_3": 0.51778,
    "mrr_at_5": 0.52478,
    "ndcg_at_1": 0.47667,
    "ndcg_at_10": 0.55845,
    "ndcg_at_100": 0.6128,
    "ndcg_at_1000": 0.6249,
    "ndcg_at_20": 0.57439,
    "ndcg_at_3": 0.53119,
    "ndcg_at_5": 0.54367,
    "precision_at_1": 0.47667,
    "precision_at_10": 0.06467,
    "precision_at_100": 0.0091,
    "precision_at_1000": 0.001,
    "precision_at_20": 0.0355,
    "precision_at_3": 0.19,
    "precision_at_5": 0.12,
    "recall_at_1": 0.47667,
    "recall_at_10": 0.64667,
    "recall_at_100": 0.91,
    "recall_at_1000": 1.0,
    "recall_at_20": 0.71,
    "recall_at_3": 0.57,
    "recall_at_5": 0.6
  }
}