{
  "dataset_revision": "6e346642246bfb4928c560ee08640dc84d074e8c",
  "mteb_dataset_name": "LEMBNarrativeQARetrieval",
  "mteb_version": "1.6.23",
  "test": {
    "evaluation_time": 52.68,
    "map_at_1": 0.19131,
    "map_at_10": 0.23091,
    "map_at_100": 0.23933,
    "map_at_1000": 0.24148,
    "map_at_20": 0.23455,
    "map_at_3": 0.21892,
    "map_at_5": 0.22527,
    "mrr_at_1": 0.19131,
    "mrr_at_10": 0.23091,
    "mrr_at_100": 0.23933,
    "mrr_at_1000": 0.24148,
    "mrr_at_20": 0.23455,
    "mrr_at_3": 0.21892,
    "mrr_at_5": 0.22527,
    "ndcg_at_1": 0.19131,
    "ndcg_at_10": 0.25313,
    "ndcg_at_100": 0.30541,
    "ndcg_at_1000": 0.35841,
    "ndcg_at_20": 0.26635,
    "ndcg_at_3": 0.22788,
    "ndcg_at_5": 0.23932,
    "precision_at_1": 0.19131,
    "precision_at_10": 0.03246,
    "precision_at_100": 0.00597,
    "precision_at_1000": 0.001,
    "precision_at_20": 0.01884,
    "precision_at_3": 0.0846,
    "precision_at_5": 0.05631,
    "recall_at_1": 0.19131,
    "recall_at_10": 0.32462,
    "recall_at_100": 0.5968,
    "recall_at_1000": 1.0,
    "recall_at_20": 0.37678,
    "recall_at_3": 0.2538,
    "recall_at_5": 0.28156
  }
}