{
  "dataset_revision": "6e346642246bfb4928c560ee08640dc84d074e8c",
  "mteb_dataset_name": "LEMBNeedleRetrieval",
  "mteb_version": "1.6.23",
  "test_1024": {
    "evaluation_time": 0.36,
    "map_at_1": 0.36,
    "map_at_10": 0.39667,
    "map_at_100": 0.40772,
    "map_at_1000": 0.40772,
    "map_at_20": 0.39667,
    "map_at_3": 0.39667,
    "map_at_5": 0.39667,
    "mrr_at_1": 0.36,
    "mrr_at_10": 0.39667,
    "mrr_at_100": 0.40817,
    "mrr_at_1000": 0.40817,
    "mrr_at_20": 0.39667,
    "mrr_at_3": 0.39667,
    "mrr_at_5": 0.39667,
    "ndcg_at_1": 0.36,
    "ndcg_at_10": 0.40786,
    "ndcg_at_100": 0.50558,
    "ndcg_at_1000": 0.50558,
    "ndcg_at_20": 0.40786,
    "ndcg_at_3": 0.40786,
    "ndcg_at_5": 0.40786,
    "precision_at_1": 0.36,
    "precision_at_10": 0.044,
    "precision_at_100": 0.01,
    "precision_at_1000": 0.001,
    "precision_at_20": 0.022,
    "precision_at_3": 0.14667,
    "precision_at_5": 0.088,
    "recall_at_1": 0.36,
    "recall_at_10": 0.44,
    "recall_at_100": 1.0,
    "recall_at_1000": 1.0,
    "recall_at_20": 0.44,
    "recall_at_3": 0.44,
    "recall_at_5": 0.44
  },
  "test_16384": {
    "evaluation_time": 2.39,
    "map_at_1": 0.0,
    "map_at_10": 0.01236,
    "map_at_100": 0.03638,
    "map_at_1000": 0.03638,
    "map_at_20": 0.02019,
    "map_at_3": 0.0,
    "map_at_5": 0.005,
    "mrr_at_1": 0.0,
    "mrr_at_10": 0.01686,
    "mrr_at_100": 0.03847,
    "mrr_at_1000": 0.03847,
    "mrr_at_20": 0.02404,
    "mrr_at_3": 0.00667,
    "mrr_at_5": 0.00667,
    "ndcg_at_1": 0.0,
    "ndcg_at_10": 0.02737,
    "ndcg_at_100": 0.19663,
    "ndcg_at_1000": 0.19663,
    "ndcg_at_20": 0.05711,
    "ndcg_at_3": 0.0,
    "ndcg_at_5": 0.00861,
    "precision_at_1": 0.0,
    "precision_at_10": 0.008,
    "precision_at_100": 0.01,
    "precision_at_1000": 0.001,
    "precision_at_20": 0.01,
    "precision_at_3": 0.0,
    "precision_at_5": 0.004,
    "recall_at_1": 0.0,
    "recall_at_10": 0.08,
    "recall_at_100": 1.0,
    "recall_at_1000": 1.0,
    "recall_at_20": 0.2,
    "recall_at_3": 0.0,
    "recall_at_5": 0.02
  },
  "test_2048": {
    "evaluation_time": 0.46,
    "map_at_1": 0.2,
    "map_at_10": 0.20667,
    "map_at_100": 0.22287,
    "map_at_1000": 0.22287,
    "map_at_20": 0.20872,
    "map_at_3": 0.2,
    "map_at_5": 0.2,
    "mrr_at_1": 0.2,
    "mrr_at_10": 0.202,
    "mrr_at_100": 0.22182,
    "mrr_at_1000": 0.22182,
    "mrr_at_20": 0.20635,
    "mrr_at_3": 0.2,
    "mrr_at_5": 0.2,
    "ndcg_at_1": 0.2,
    "ndcg_at_10": 0.21425,
    "ndcg_at_100": 0.34842,
    "ndcg_at_1000": 0.34842,
    "ndcg_at_20": 0.22343,
    "ndcg_at_3": 0.2,
    "ndcg_at_5": 0.2,
    "precision_at_1": 0.2,
    "precision_at_10": 0.024,
    "precision_at_100": 0.01,
    "precision_at_1000": 0.001,
    "precision_at_20": 0.014,
    "precision_at_3": 0.06667,
    "precision_at_5": 0.04,
    "recall_at_1": 0.2,
    "recall_at_10": 0.24,
    "recall_at_100": 1.0,
    "recall_at_1000": 1.0,
    "recall_at_20": 0.28,
    "recall_at_3": 0.2,
    "recall_at_5": 0.2
  },
  "test_256": {
    "evaluation_time": 1.93,
    "map_at_1": 0.8,
    "map_at_10": 0.89,
    "map_at_100": 0.89,
    "map_at_1000": 0.89,
    "map_at_20": 0.89,
    "map_at_3": 0.89,
    "map_at_5": 0.89,
    "mrr_at_1": 0.8,
    "mrr_at_10": 0.89,
    "mrr_at_100": 0.89,
    "mrr_at_1000": 0.89,
    "mrr_at_20": 0.89,
    "mrr_at_3": 0.89,
    "mrr_at_5": 0.89,
    "ndcg_at_1": 0.8,
    "ndcg_at_10": 0.91833,
    "ndcg_at_100": 0.91833,
    "ndcg_at_1000": 0.91833,
    "ndcg_at_20": 0.91833,
    "ndcg_at_3": 0.91833,
    "ndcg_at_5": 0.91833,
    "precision_at_1": 0.8,
    "precision_at_10": 0.1,
    "precision_at_100": 0.01,
    "precision_at_1000": 0.001,
    "precision_at_20": 0.05,
    "precision_at_3": 0.33333,
    "precision_at_5": 0.2,
    "recall_at_1": 0.8,
    "recall_at_10": 1.0,
    "recall_at_100": 1.0,
    "recall_at_1000": 1.0,
    "recall_at_20": 1.0,
    "recall_at_3": 1.0,
    "recall_at_5": 1.0
  },
  "test_32768": {
    "evaluation_time": 4.71,
    "map_at_1": 0.02,
    "map_at_10": 0.039,
    "map_at_100": 0.06026,
    "map_at_1000": 0.06026,
    "map_at_20": 0.04637,
    "map_at_3": 0.02,
    "map_at_5": 0.032,
    "mrr_at_1": 0.02,
    "mrr_at_10": 0.03369,
    "mrr_at_100": 0.0562,
    "mrr_at_1000": 0.0562,
    "mrr_at_20": 0.03899,
    "mrr_at_3": 0.02,
    "mrr_at_5": 0.025,
    "ndcg_at_1": 0.02,
    "ndcg_at_10": 0.06161,
    "ndcg_at_100": 0.21779,
    "ndcg_at_1000": 0.21779,
    "ndcg_at_20": 0.09079,
    "ndcg_at_3": 0.02,
    "ndcg_at_5": 0.04321,
    "precision_at_1": 0.02,
    "precision_at_10": 0.014,
    "precision_at_100": 0.01,
    "precision_at_1000": 0.001,
    "precision_at_20": 0.013,
    "precision_at_3": 0.00667,
    "precision_at_5": 0.016,
    "recall_at_1": 0.02,
    "recall_at_10": 0.14,
    "recall_at_100": 1.0,
    "recall_at_1000": 1.0,
    "recall_at_20": 0.26,
    "recall_at_3": 0.02,
    "recall_at_5": 0.08
  },
  "test_4096": {
    "evaluation_time": 0.66,
    "map_at_1": 0.1,
    "map_at_10": 0.1198,
    "map_at_100": 0.13708,
    "map_at_1000": 0.13708,
    "map_at_20": 0.1208,
    "map_at_3": 0.11,
    "map_at_5": 0.11,
    "mrr_at_1": 0.1,
    "mrr_at_10": 0.11722,
    "mrr_at_100": 0.13819,
    "mrr_at_1000": 0.13819,
    "mrr_at_20": 0.12481,
    "mrr_at_3": 0.11,
    "mrr_at_5": 0.11,
    "ndcg_at_1": 0.1,
    "ndcg_at_10": 0.13764,
    "ndcg_at_100": 0.27898,
    "ndcg_at_1000": 0.27898,
    "ndcg_at_20": 0.14219,
    "ndcg_at_3": 0.11262,
    "ndcg_at_5": 0.11262,
    "precision_at_1": 0.1,
    "precision_at_10": 0.02,
    "precision_at_100": 0.01,
    "precision_at_1000": 0.001,
    "precision_at_20": 0.011,
    "precision_at_3": 0.04,
    "precision_at_5": 0.024,
    "recall_at_1": 0.1,
    "recall_at_10": 0.2,
    "recall_at_100": 1.0,
    "recall_at_1000": 1.0,
    "recall_at_20": 0.22,
    "recall_at_3": 0.12,
    "recall_at_5": 0.12
  },
  "test_512": {
    "evaluation_time": 0.35,
    "map_at_1": 0.76,
    "map_at_10": 0.841,
    "map_at_100": 0.841,
    "map_at_1000": 0.841,
    "map_at_20": 0.841,
    "map_at_3": 0.82,
    "map_at_5": 0.841,
    "mrr_at_1": 0.76,
    "mrr_at_10": 0.841,
    "mrr_at_100": 0.841,
    "mrr_at_1000": 0.841,
    "mrr_at_20": 0.841,
    "mrr_at_3": 0.82,
    "mrr_at_5": 0.841,
    "ndcg_at_1": 0.76,
    "ndcg_at_10": 0.88004,
    "ndcg_at_100": 0.88004,
    "ndcg_at_1000": 0.88004,
    "ndcg_at_20": 0.88004,
    "ndcg_at_3": 0.84047,
    "ndcg_at_5": 0.88004,
    "precision_at_1": 0.76,
    "precision_at_10": 0.1,
    "precision_at_100": 0.01,
    "precision_at_1000": 0.001,
    "precision_at_20": 0.05,
    "precision_at_3": 0.3,
    "precision_at_5": 0.2,
    "recall_at_1": 0.76,
    "recall_at_10": 1.0,
    "recall_at_100": 1.0,
    "recall_at_1000": 1.0,
    "recall_at_20": 1.0,
    "recall_at_3": 0.9,
    "recall_at_5": 1.0
  },
  "test_8192": {
    "evaluation_time": 1.18,
    "map_at_1": 0.04,
    "map_at_10": 0.05936,
    "map_at_100": 0.07979,
    "map_at_1000": 0.07979,
    "map_at_20": 0.06419,
    "map_at_3": 0.05,
    "map_at_5": 0.054,
    "mrr_at_1": 0.04,
    "mrr_at_10": 0.0625,
    "mrr_at_100": 0.0847,
    "mrr_at_1000": 0.0847,
    "mrr_at_20": 0.067,
    "mrr_at_3": 0.05,
    "mrr_at_5": 0.058,
    "ndcg_at_1": 0.04,
    "ndcg_at_10": 0.07333,
    "ndcg_at_100": 0.23115,
    "ndcg_at_1000": 0.23115,
    "ndcg_at_20": 0.09263,
    "ndcg_at_3": 0.05262,
    "ndcg_at_5": 0.06036,
    "precision_at_1": 0.04,
    "precision_at_10": 0.012,
    "precision_at_100": 0.01,
    "precision_at_1000": 0.001,
    "precision_at_20": 0.01,
    "precision_at_3": 0.02,
    "precision_at_5": 0.016,
    "recall_at_1": 0.04,
    "recall_at_10": 0.12,
    "recall_at_100": 1.0,
    "recall_at_1000": 1.0,
    "recall_at_20": 0.2,
    "recall_at_3": 0.06,
    "recall_at_5": 0.08
  }
}