{
  "dataset_revision": "6e346642246bfb4928c560ee08640dc84d074e8c",
  "mteb_dataset_name": "LEMBSummScreenFDRetrieval",
  "mteb_version": "1.6.23",
  "validation": {
    "evaluation_time": 4.99,
    "map_at_1": 0.60714,
    "map_at_10": 0.69603,
    "map_at_100": 0.7006,
    "map_at_1000": 0.70067,
    "map_at_20": 0.69923,
    "map_at_3": 0.6627,
    "map_at_5": 0.68502,
    "mrr_at_1": 0.60714,
    "mrr_at_10": 0.69603,
    "mrr_at_100": 0.7006,
    "mrr_at_1000": 0.70067,
    "mrr_at_20": 0.69923,
    "mrr_at_3": 0.6627,
    "mrr_at_5": 0.68502,
    "ndcg_at_1": 0.60714,
    "ndcg_at_10": 0.74666,
    "ndcg_at_100": 0.76597,
    "ndcg_at_1000": 0.76723,
    "ndcg_at_20": 0.75808,
    "ndcg_at_3": 0.68055,
    "ndcg_at_5": 0.72153,
    "precision_at_1": 0.60714,
    "precision_at_10": 0.09077,
    "precision_at_100": 0.00991,
    "precision_at_1000": 0.001,
    "precision_at_20": 0.04762,
    "precision_at_3": 0.24405,
    "precision_at_5": 0.16667,
    "recall_at_1": 0.60714,
    "recall_at_10": 0.90774,
    "recall_at_100": 0.99107,
    "recall_at_1000": 1.0,
    "recall_at_20": 0.95238,
    "recall_at_3": 0.73214,
    "recall_at_5": 0.83333
  }
}