{
  "dataset_revision": "6e346642246bfb4928c560ee08640dc84d074e8c",
  "mteb_dataset_name": "LEMBPasskeyRetrieval",
  "mteb_version": "1.6.23",
  "test_1024": {
    "evaluation_time": 0.39,
    "map_at_1": 0.62,
    "map_at_10": 0.62,
    "map_at_100": 0.62494,
    "map_at_1000": 0.62494,
    "map_at_20": 0.62,
    "map_at_3": 0.62,
    "map_at_5": 0.62,
    "mrr_at_1": 0.62,
    "mrr_at_10": 0.62,
    "mrr_at_100": 0.62479,
    "mrr_at_1000": 0.62479,
    "mrr_at_20": 0.62,
    "mrr_at_3": 0.62,
    "mrr_at_5": 0.62,
    "ndcg_at_1": 0.62,
    "ndcg_at_10": 0.62,
    "ndcg_at_100": 0.68032,
    "ndcg_at_1000": 0.68032,
    "ndcg_at_20": 0.62,
    "ndcg_at_3": 0.62,
    "ndcg_at_5": 0.62,
    "precision_at_1": 0.62,
    "precision_at_10": 0.062,
    "precision_at_100": 0.01,
    "precision_at_1000": 0.001,
    "precision_at_20": 0.031,
    "precision_at_3": 0.20667,
    "precision_at_5": 0.124,
    "recall_at_1": 0.62,
    "recall_at_10": 0.62,
    "recall_at_100": 1.0,
    "recall_at_1000": 1.0,
    "recall_at_20": 0.62,
    "recall_at_3": 0.62,
    "recall_at_5": 0.62
  },
  "test_16384": {
    "evaluation_time": 2.0,
    "map_at_1": 0.04,
    "map_at_10": 0.05006,
    "map_at_100": 0.07325,
    "map_at_1000": 0.07325,
    "map_at_20": 0.05796,
    "map_at_3": 0.04,
    "map_at_5": 0.04,
    "mrr_at_1": 0.04,
    "mrr_at_10": 0.0565,
    "mrr_at_100": 0.07877,
    "mrr_at_1000": 0.07877,
    "mrr_at_20": 0.06183,
    "mrr_at_3": 0.04667,
    "mrr_at_5": 0.05067,
    "ndcg_at_1": 0.04,
    "ndcg_at_10": 0.06524,
    "ndcg_at_100": 0.2277,
    "ndcg_at_1000": 0.2277,
    "ndcg_at_20": 0.09503,
    "ndcg_at_3": 0.04,
    "ndcg_at_5": 0.04,
    "precision_at_1": 0.04,
    "precision_at_10": 0.012,
    "precision_at_100": 0.01,
    "precision_at_1000": 0.001,
    "precision_at_20": 0.012,
    "precision_at_3": 0.01333,
    "precision_at_5": 0.008,
    "recall_at_1": 0.04,
    "recall_at_10": 0.12,
    "recall_at_100": 1.0,
    "recall_at_1000": 1.0,
    "recall_at_20": 0.24,
    "recall_at_3": 0.04,
    "recall_at_5": 0.04
  },
  "test_2048": {
    "evaluation_time": 0.47,
    "map_at_1": 0.22,
    "map_at_10": 0.22,
    "map_at_100": 0.23567,
    "map_at_1000": 0.23567,
    "map_at_20": 0.22,
    "map_at_3": 0.22,
    "map_at_5": 0.22,
    "mrr_at_1": 0.22,
    "mrr_at_10": 0.22,
    "mrr_at_100": 0.23497,
    "mrr_at_1000": 0.23497,
    "mrr_at_20": 0.22,
    "mrr_at_3": 0.22,
    "mrr_at_5": 0.22,
    "ndcg_at_1": 0.22,
    "ndcg_at_10": 0.22,
    "ndcg_at_100": 0.35589,
    "ndcg_at_1000": 0.35589,
    "ndcg_at_20": 0.22,
    "ndcg_at_3": 0.22,
    "ndcg_at_5": 0.22,
    "precision_at_1": 0.22,
    "precision_at_10": 0.022,
    "precision_at_100": 0.01,
    "precision_at_1000": 0.001,
    "precision_at_20": 0.011,
    "precision_at_3": 0.07333,
    "precision_at_5": 0.044,
    "recall_at_1": 0.22,
    "recall_at_10": 0.22,
    "recall_at_100": 1.0,
    "recall_at_1000": 1.0,
    "recall_at_20": 0.22,
    "recall_at_3": 0.22,
    "recall_at_5": 0.22
  },
  "test_256": {
    "evaluation_time": 0.29,
    "map_at_1": 1.0,
    "map_at_10": 1.0,
    "map_at_100": 1.0,
    "map_at_1000": 1.0,
    "map_at_20": 1.0,
    "map_at_3": 1.0,
    "map_at_5": 1.0,
    "mrr_at_1": 1.0,
    "mrr_at_10": 1.0,
    "mrr_at_100": 1.0,
    "mrr_at_1000": 1.0,
    "mrr_at_20": 1.0,
    "mrr_at_3": 1.0,
    "mrr_at_5": 1.0,
    "ndcg_at_1": 1.0,
    "ndcg_at_10": 1.0,
    "ndcg_at_100": 1.0,
    "ndcg_at_1000": 1.0,
    "ndcg_at_20": 1.0,
    "ndcg_at_3": 1.0,
    "ndcg_at_5": 1.0,
    "precision_at_1": 1.0,
    "precision_at_10": 0.1,
    "precision_at_100": 0.01,
    "precision_at_1000": 0.001,
    "precision_at_20": 0.05,
    "precision_at_3": 0.33333,
    "precision_at_5": 0.2,
    "recall_at_1": 1.0,
    "recall_at_10": 1.0,
    "recall_at_100": 1.0,
    "recall_at_1000": 1.0,
    "recall_at_20": 1.0,
    "recall_at_3": 1.0,
    "recall_at_5": 1.0
  },
  "test_32768": {
    "evaluation_time": 4.29,
    "map_at_1": 0.02,
    "map_at_10": 0.04686,
    "map_at_100": 0.07127,
    "map_at_1000": 0.07127,
    "map_at_20": 0.05534,
    "map_at_3": 0.03667,
    "map_at_5": 0.04067,
    "mrr_at_1": 0.02,
    "mrr_at_10": 0.03425,
    "mrr_at_100": 0.05684,
    "mrr_at_1000": 0.05684,
    "mrr_at_20": 0.03992,
    "mrr_at_3": 0.02667,
    "mrr_at_5": 0.02667,
    "ndcg_at_1": 0.02,
    "ndcg_at_10": 0.06415,
    "ndcg_at_100": 0.2283,
    "ndcg_at_1000": 0.2283,
    "ndcg_at_20": 0.0947,
    "ndcg_at_3": 0.04262,
    "ndcg_at_5": 0.05036,
    "precision_at_1": 0.02,
    "precision_at_10": 0.012,
    "precision_at_100": 0.01,
    "precision_at_1000": 0.001,
    "precision_at_20": 0.012,
    "precision_at_3": 0.02,
    "precision_at_5": 0.016,
    "recall_at_1": 0.02,
    "recall_at_10": 0.12,
    "recall_at_100": 1.0,
    "recall_at_1000": 1.0,
    "recall_at_20": 0.24,
    "recall_at_3": 0.06,
    "recall_at_5": 0.08
  },
  "test_4096": {
    "evaluation_time": 0.65,
    "map_at_1": 0.14,
    "map_at_10": 0.14,
    "map_at_100": 0.15864,
    "map_at_1000": 0.15864,
    "map_at_20": 0.14268,
    "map_at_3": 0.14,
    "map_at_5": 0.14,
    "mrr_at_1": 0.14,
    "mrr_at_10": 0.14,
    "mrr_at_100": 0.15887,
    "mrr_at_1000": 0.15887,
    "mrr_at_20": 0.1433,
    "mrr_at_3": 0.14,
    "mrr_at_5": 0.14,
    "ndcg_at_1": 0.14,
    "ndcg_at_10": 0.14,
    "ndcg_at_100": 0.29196,
    "ndcg_at_1000": 0.29196,
    "ndcg_at_20": 0.15001,
    "ndcg_at_3": 0.14,
    "ndcg_at_5": 0.14,
    "precision_at_1": 0.14,
    "precision_at_10": 0.014,
    "precision_at_100": 0.01,
    "precision_at_1000": 0.001,
    "precision_at_20": 0.009,
    "precision_at_3": 0.04667,
    "precision_at_5": 0.028,
    "recall_at_1": 0.14,
    "recall_at_10": 0.14,
    "recall_at_100": 1.0,
    "recall_at_1000": 1.0,
    "recall_at_20": 0.18,
    "recall_at_3": 0.14,
    "recall_at_5": 0.14
  },
  "test_512": {
    "evaluation_time": 0.33,
    "map_at_1": 0.96,
    "map_at_10": 0.97667,
    "map_at_100": 0.97667,
    "map_at_1000": 0.97667,
    "map_at_20": 0.97667,
    "map_at_3": 0.97667,
    "map_at_5": 0.97667,
    "mrr_at_1": 0.96,
    "mrr_at_10": 0.97667,
    "mrr_at_100": 0.97667,
    "mrr_at_1000": 0.97667,
    "mrr_at_20": 0.97667,
    "mrr_at_3": 0.97667,
    "mrr_at_5": 0.97667,
    "ndcg_at_1": 0.96,
    "ndcg_at_10": 0.98262,
    "ndcg_at_100": 0.98262,
    "ndcg_at_1000": 0.98262,
    "ndcg_at_20": 0.98262,
    "ndcg_at_3": 0.98262,
    "ndcg_at_5": 0.98262,
    "precision_at_1": 0.96,
    "precision_at_10": 0.1,
    "precision_at_100": 0.01,
    "precision_at_1000": 0.001,
    "precision_at_20": 0.05,
    "precision_at_3": 0.33333,
    "precision_at_5": 0.2,
    "recall_at_1": 0.96,
    "recall_at_10": 1.0,
    "recall_at_100": 1.0,
    "recall_at_1000": 1.0,
    "recall_at_20": 1.0,
    "recall_at_3": 1.0,
    "recall_at_5": 1.0
  },
  "test_8192": {
    "evaluation_time": 1.06,
    "map_at_1": 0.04,
    "map_at_10": 0.0485,
    "map_at_100": 0.07135,
    "map_at_1000": 0.07135,
    "map_at_20": 0.05447,
    "map_at_3": 0.04,
    "map_at_5": 0.044,
    "mrr_at_1": 0.04,
    "mrr_at_10": 0.04758,
    "mrr_at_100": 0.06954,
    "mrr_at_1000": 0.06954,
    "mrr_at_20": 0.0544,
    "mrr_at_3": 0.04,
    "mrr_at_5": 0.04,
    "ndcg_at_1": 0.04,
    "ndcg_at_10": 0.05983,
    "ndcg_at_100": 0.22425,
    "ndcg_at_1000": 0.22425,
    "ndcg_at_20": 0.0806,
    "ndcg_at_3": 0.04,
    "ndcg_at_5": 0.04774,
    "precision_at_1": 0.04,
    "precision_at_10": 0.01,
    "precision_at_100": 0.01,
    "precision_at_1000": 0.001,
    "precision_at_20": 0.009,
    "precision_at_3": 0.01333,
    "precision_at_5": 0.012,
    "recall_at_1": 0.04,
    "recall_at_10": 0.1,
    "recall_at_100": 1.0,
    "recall_at_1000": 1.0,
    "recall_at_20": 0.18,
    "recall_at_3": 0.04,
    "recall_at_5": 0.06
  }
}