{
  "dataset_revision": "6e346642246bfb4928c560ee08640dc84d074e8c",
  "mteb_dataset_name": "LEMBNarrativeQARetrieval",
  "mteb_version": "1.6.23",
  "test": {
    "evaluation_time": 147.93,
    "map_at_1": 0.31247,
    "map_at_10": 0.37766,
    "map_at_100": 0.38724,
    "map_at_1000": 0.38836,
    "map_at_20": 0.3824,
    "map_at_3": 0.36005,
    "map_at_5": 0.36962,
    "mrr_at_1": 0.31247,
    "mrr_at_10": 0.37766,
    "mrr_at_100": 0.38724,
    "mrr_at_1000": 0.38836,
    "mrr_at_20": 0.3824,
    "mrr_at_3": 0.36005,
    "mrr_at_5": 0.36962,
    "ndcg_at_1": 0.31247,
    "ndcg_at_10": 0.41234,
    "ndcg_at_100": 0.46744,
    "ndcg_at_1000": 0.49388,
    "ndcg_at_20": 0.42954,
    "ndcg_at_3": 0.3756,
    "ndcg_at_5": 0.39293,
    "precision_at_1": 0.31247,
    "precision_at_10": 0.05227,
    "precision_at_100": 0.00801,
    "precision_at_1000": 0.001,
    "precision_at_20": 0.02953,
    "precision_at_3": 0.1402,
    "precision_at_5": 0.09258,
    "recall_at_1": 0.31247,
    "recall_at_10": 0.52273,
    "recall_at_100": 0.80103,
    "recall_at_1000": 1.0,
    "recall_at_20": 0.59068,
    "recall_at_3": 0.42061,
    "recall_at_5": 0.46292
  }
}