{
  "dataset_revision": "6e346642246bfb4928c560ee08640dc84d074e8c",
  "mteb_dataset_name": "LEMBNeedleRetrieval",
  "mteb_version": "1.6.23",
  "test_1024": {
    "evaluation_time": 1.34,
    "map_at_1": 0.2,
    "map_at_10": 0.30594,
    "map_at_100": 0.33158,
    "map_at_1000": 0.33158,
    "map_at_20": 0.32533,
    "map_at_3": 0.27667,
    "map_at_5": 0.29167,
    "mrr_at_1": 0.2,
    "mrr_at_10": 0.30594,
    "mrr_at_100": 0.33158,
    "mrr_at_1000": 0.33158,
    "mrr_at_20": 0.32533,
    "mrr_at_3": 0.27667,
    "mrr_at_5": 0.29167,
    "ndcg_at_1": 0.2,
    "ndcg_at_10": 0.36121,
    "ndcg_at_100": 0.46897,
    "ndcg_at_1000": 0.46897,
    "ndcg_at_20": 0.43523,
    "ndcg_at_3": 0.29833,
    "ndcg_at_5": 0.32417,
    "precision_at_1": 0.2,
    "precision_at_10": 0.054,
    "precision_at_100": 0.01,
    "precision_at_1000": 0.001,
    "precision_at_20": 0.042,
    "precision_at_3": 0.12,
    "precision_at_5": 0.084,
    "recall_at_1": 0.2,
    "recall_at_10": 0.54,
    "recall_at_100": 1.0,
    "recall_at_1000": 1.0,
    "recall_at_20": 0.84,
    "recall_at_3": 0.36,
    "recall_at_5": 0.42
  },
  "test_16384": {
    "evaluation_time": 31.83,
    "map_at_1": 0.26,
    "map_at_10": 0.36522,
    "map_at_100": 0.37323,
    "map_at_1000": 0.37323,
    "map_at_20": 0.36522,
    "map_at_3": 0.34667,
    "map_at_5": 0.35967,
    "mrr_at_1": 0.26,
    "mrr_at_10": 0.36522,
    "mrr_at_100": 0.37334,
    "mrr_at_1000": 0.37334,
    "mrr_at_20": 0.36522,
    "mrr_at_3": 0.34667,
    "mrr_at_5": 0.35967,
    "ndcg_at_1": 0.26,
    "ndcg_at_10": 0.41294,
    "ndcg_at_100": 0.48825,
    "ndcg_at_1000": 0.48825,
    "ndcg_at_20": 0.41294,
    "ndcg_at_3": 0.37571,
    "ndcg_at_5": 0.3998,
    "precision_at_1": 0.26,
    "precision_at_10": 0.056,
    "precision_at_100": 0.01,
    "precision_at_1000": 0.001,
    "precision_at_20": 0.028,
    "precision_at_3": 0.15333,
    "precision_at_5": 0.104,
    "recall_at_1": 0.26,
    "recall_at_10": 0.56,
    "recall_at_100": 1.0,
    "recall_at_1000": 1.0,
    "recall_at_20": 0.56,
    "recall_at_3": 0.46,
    "recall_at_5": 0.52
  },
  "test_2048": {
    "evaluation_time": 2.43,
    "map_at_1": 0.14,
    "map_at_10": 0.2524,
    "map_at_100": 0.26791,
    "map_at_1000": 0.26791,
    "map_at_20": 0.26578,
    "map_at_3": 0.18,
    "map_at_5": 0.197,
    "mrr_at_1": 0.14,
    "mrr_at_10": 0.2524,
    "mrr_at_100": 0.26791,
    "mrr_at_1000": 0.26791,
    "mrr_at_20": 0.26578,
    "mrr_at_3": 0.18,
    "mrr_at_5": 0.197,
    "ndcg_at_1": 0.14,
    "ndcg_at_10": 0.36601,
    "ndcg_at_100": 0.42498,
    "ndcg_at_1000": 0.42498,
    "ndcg_at_20": 0.41268,
    "ndcg_at_3": 0.19524,
    "ndcg_at_5": 0.22706,
    "precision_at_1": 0.14,
    "precision_at_10": 0.076,
    "precision_at_100": 0.01,
    "precision_at_1000": 0.001,
    "precision_at_20": 0.047,
    "precision_at_3": 0.08,
    "precision_at_5": 0.064,
    "recall_at_1": 0.14,
    "recall_at_10": 0.76,
    "recall_at_100": 1.0,
    "recall_at_1000": 1.0,
    "recall_at_20": 0.94,
    "recall_at_3": 0.24,
    "recall_at_5": 0.32
  },
  "test_256": {
    "evaluation_time": 2.85,
    "map_at_1": 0.88,
    "map_at_10": 0.92917,
    "map_at_100": 0.92917,
    "map_at_1000": 0.92917,
    "map_at_20": 0.92917,
    "map_at_3": 0.92667,
    "map_at_5": 0.92667,
    "mrr_at_1": 0.88,
    "mrr_at_10": 0.92917,
    "mrr_at_100": 0.92917,
    "mrr_at_1000": 0.92917,
    "mrr_at_20": 0.92917,
    "mrr_at_3": 0.92667,
    "mrr_at_5": 0.92667,
    "ndcg_at_1": 0.88,
    "ndcg_at_10": 0.94678,
    "ndcg_at_100": 0.94678,
    "ndcg_at_1000": 0.94678,
    "ndcg_at_20": 0.94678,
    "ndcg_at_3": 0.94047,
    "ndcg_at_5": 0.94047,
    "precision_at_1": 0.88,
    "precision_at_10": 0.1,
    "precision_at_100": 0.01,
    "precision_at_1000": 0.001,
    "precision_at_20": 0.05,
    "precision_at_3": 0.32667,
    "precision_at_5": 0.196,
    "recall_at_1": 0.88,
    "recall_at_10": 1.0,
    "recall_at_100": 1.0,
    "recall_at_1000": 1.0,
    "recall_at_20": 1.0,
    "recall_at_3": 0.98,
    "recall_at_5": 0.98
  },
  "test_32768": {
    "evaluation_time": 32.95,
    "map_at_1": 0.12,
    "map_at_10": 0.17,
    "map_at_100": 0.1884,
    "map_at_1000": 0.1884,
    "map_at_20": 0.17248,
    "map_at_3": 0.17,
    "map_at_5": 0.17,
    "mrr_at_1": 0.12,
    "mrr_at_10": 0.17,
    "mrr_at_100": 0.18902,
    "mrr_at_1000": 0.18902,
    "mrr_at_20": 0.17365,
    "mrr_at_3": 0.17,
    "mrr_at_5": 0.17,
    "ndcg_at_1": 0.12,
    "ndcg_at_10": 0.18786,
    "ndcg_at_100": 0.32598,
    "ndcg_at_1000": 0.32598,
    "ndcg_at_20": 0.1976,
    "ndcg_at_3": 0.18786,
    "ndcg_at_5": 0.18786,
    "precision_at_1": 0.12,
    "precision_at_10": 0.024,
    "precision_at_100": 0.01,
    "precision_at_1000": 0.001,
    "precision_at_20": 0.014,
    "precision_at_3": 0.08,
    "precision_at_5": 0.048,
    "recall_at_1": 0.12,
    "recall_at_10": 0.24,
    "recall_at_100": 1.0,
    "recall_at_1000": 1.0,
    "recall_at_20": 0.28,
    "recall_at_3": 0.24,
    "recall_at_5": 0.24
  },
  "test_4096": {
    "evaluation_time": 8.27,
    "map_at_1": 0.36,
    "map_at_10": 0.57736,
    "map_at_100": 0.57918,
    "map_at_1000": 0.57918,
    "map_at_20": 0.57918,
    "map_at_3": 0.54333,
    "map_at_5": 0.56033,
    "mrr_at_1": 0.36,
    "mrr_at_10": 0.57736,
    "mrr_at_100": 0.57918,
    "mrr_at_1000": 0.57918,
    "mrr_at_20": 0.57918,
    "mrr_at_3": 0.54333,
    "mrr_at_5": 0.56033,
    "ndcg_at_1": 0.36,
    "ndcg_at_10": 0.67571,
    "ndcg_at_100": 0.68129,
    "ndcg_at_1000": 0.68129,
    "ndcg_at_20": 0.68129,
    "ndcg_at_3": 0.60404,
    "ndcg_at_5": 0.63587,
    "precision_at_1": 0.36,
    "precision_at_10": 0.098,
    "precision_at_100": 0.01,
    "precision_at_1000": 0.001,
    "precision_at_20": 0.05,
    "precision_at_3": 0.26,
    "precision_at_5": 0.172,
    "recall_at_1": 0.36,
    "recall_at_10": 0.98,
    "recall_at_100": 1.0,
    "recall_at_1000": 1.0,
    "recall_at_20": 1.0,
    "recall_at_3": 0.78,
    "recall_at_5": 0.86
  },
  "test_512": {
    "evaluation_time": 0.96,
    "map_at_1": 0.64,
    "map_at_10": 0.76152,
    "map_at_100": 0.76319,
    "map_at_1000": 0.76319,
    "map_at_20": 0.76319,
    "map_at_3": 0.73667,
    "map_at_5": 0.75867,
    "mrr_at_1": 0.64,
    "mrr_at_10": 0.76152,
    "mrr_at_100": 0.76319,
    "mrr_at_1000": 0.76319,
    "mrr_at_20": 0.76319,
    "mrr_at_3": 0.73667,
    "mrr_at_5": 0.75867,
    "ndcg_at_1": 0.64,
    "ndcg_at_10": 0.81544,
    "ndcg_at_100": 0.82084,
    "ndcg_at_1000": 0.82084,
    "ndcg_at_20": 0.82084,
    "ndcg_at_3": 0.76833,
    "ndcg_at_5": 0.80877,
    "precision_at_1": 0.64,
    "precision_at_10": 0.098,
    "precision_at_100": 0.01,
    "precision_at_1000": 0.001,
    "precision_at_20": 0.05,
    "precision_at_3": 0.28667,
    "precision_at_5": 0.192,
    "recall_at_1": 0.64,
    "recall_at_10": 0.98,
    "recall_at_100": 1.0,
    "recall_at_1000": 1.0,
    "recall_at_20": 1.0,
    "recall_at_3": 0.86,
    "recall_at_5": 0.96
  },
  "test_8192": {
    "evaluation_time": 29.04,
    "map_at_1": 0.56,
    "map_at_10": 0.6691,
    "map_at_100": 0.67063,
    "map_at_1000": 0.67063,
    "map_at_20": 0.67063,
    "map_at_3": 0.61667,
    "map_at_5": 0.64767,
    "mrr_at_1": 0.56,
    "mrr_at_10": 0.6691,
    "mrr_at_100": 0.67063,
    "mrr_at_1000": 0.67063,
    "mrr_at_20": 0.67063,
    "mrr_at_3": 0.61667,
    "mrr_at_5": 0.64767,
    "ndcg_at_1": 0.56,
    "ndcg_at_10": 0.74268,
    "ndcg_at_100": 0.74794,
    "ndcg_at_1000": 0.74794,
    "ndcg_at_20": 0.74794,
    "ndcg_at_3": 0.63786,
    "ndcg_at_5": 0.69464,
    "precision_at_1": 0.56,
    "precision_at_10": 0.098,
    "precision_at_100": 0.01,
    "precision_at_1000": 0.001,
    "precision_at_20": 0.05,
    "precision_at_3": 0.23333,
    "precision_at_5": 0.168,
    "recall_at_1": 0.56,
    "recall_at_10": 0.98,
    "recall_at_100": 1.0,
    "recall_at_1000": 1.0,
    "recall_at_20": 1.0,
    "recall_at_3": 0.7,
    "recall_at_5": 0.84
  }
}