{
  "dataset_revision": "6e346642246bfb4928c560ee08640dc84d074e8c",
  "mteb_dataset_name": "LEMBSummScreenFDRetrieval",
  "mteb_version": "1.6.23",
  "validation": {
    "evaluation_time": 80.65,
    "map_at_1": 0.86012,
    "map_at_10": 0.90865,
    "map_at_100": 0.90888,
    "map_at_1000": 0.90888,
    "map_at_20": 0.90882,
    "map_at_3": 0.9003,
    "map_at_5": 0.90595,
    "mrr_at_1": 0.86012,
    "mrr_at_10": 0.90865,
    "mrr_at_100": 0.90888,
    "mrr_at_1000": 0.90888,
    "mrr_at_20": 0.90882,
    "mrr_at_3": 0.9003,
    "mrr_at_5": 0.90595,
    "ndcg_at_1": 0.86012,
    "ndcg_at_10": 0.92974,
    "ndcg_at_100": 0.93096,
    "ndcg_at_1000": 0.93096,
    "ndcg_at_20": 0.93045,
    "ndcg_at_3": 0.91365,
    "ndcg_at_5": 0.92365,
    "precision_at_1": 0.86012,
    "precision_at_10": 0.0994,
    "precision_at_100": 0.01,
    "precision_at_1000": 0.001,
    "precision_at_20": 0.04985,
    "precision_at_3": 0.31746,
    "precision_at_5": 0.19524,
    "recall_at_1": 0.86012,
    "recall_at_10": 0.99405,
    "recall_at_100": 1.0,
    "recall_at_1000": 1.0,
    "recall_at_20": 0.99702,
    "recall_at_3": 0.95238,
    "recall_at_5": 0.97619
  }
}