{
  "dataset_revision": "6e346642246bfb4928c560ee08640dc84d074e8c",
  "mteb_dataset_name": "LEMBPasskeyRetrieval",
  "mteb_version": "1.6.23",
  "test_1024": {
    "evaluation_time": 0.87,
    "map_at_1": 1.0,
    "map_at_10": 1.0,
    "map_at_100": 1.0,
    "map_at_1000": 1.0,
    "map_at_20": 1.0,
    "map_at_3": 1.0,
    "map_at_5": 1.0,
    "mrr_at_1": 1.0,
    "mrr_at_10": 1.0,
    "mrr_at_100": 1.0,
    "mrr_at_1000": 1.0,
    "mrr_at_20": 1.0,
    "mrr_at_3": 1.0,
    "mrr_at_5": 1.0,
    "ndcg_at_1": 1.0,
    "ndcg_at_10": 1.0,
    "ndcg_at_100": 1.0,
    "ndcg_at_1000": 1.0,
    "ndcg_at_20": 1.0,
    "ndcg_at_3": 1.0,
    "ndcg_at_5": 1.0,
    "precision_at_1": 1.0,
    "precision_at_10": 0.1,
    "precision_at_100": 0.01,
    "precision_at_1000": 0.001,
    "precision_at_20": 0.05,
    "precision_at_3": 0.33333,
    "precision_at_5": 0.2,
    "recall_at_1": 1.0,
    "recall_at_10": 1.0,
    "recall_at_100": 1.0,
    "recall_at_1000": 1.0,
    "recall_at_20": 1.0,
    "recall_at_3": 1.0,
    "recall_at_5": 1.0
  },
  "test_16384": {
    "evaluation_time": 29.85,
    "map_at_1": 0.14,
    "map_at_10": 0.19167,
    "map_at_100": 0.21531,
    "map_at_1000": 0.21531,
    "map_at_20": 0.20709,
    "map_at_3": 0.18667,
    "map_at_5": 0.19167,
    "mrr_at_1": 0.14,
    "mrr_at_10": 0.19167,
    "mrr_at_100": 0.21515,
    "mrr_at_1000": 0.21515,
    "mrr_at_20": 0.20709,
    "mrr_at_3": 0.18667,
    "mrr_at_5": 0.19167,
    "ndcg_at_1": 0.14,
    "ndcg_at_10": 0.20909,
    "ndcg_at_100": 0.35117,
    "ndcg_at_1000": 0.35117,
    "ndcg_at_20": 0.26819,
    "ndcg_at_3": 0.20047,
    "ndcg_at_5": 0.20909,
    "precision_at_1": 0.14,
    "precision_at_10": 0.026,
    "precision_at_100": 0.01,
    "precision_at_1000": 0.001,
    "precision_at_20": 0.025,
    "precision_at_3": 0.08,
    "precision_at_5": 0.052,
    "recall_at_1": 0.14,
    "recall_at_10": 0.26,
    "recall_at_100": 1.0,
    "recall_at_1000": 1.0,
    "recall_at_20": 0.5,
    "recall_at_3": 0.24,
    "recall_at_5": 0.26
  },
  "test_2048": {
    "evaluation_time": 2.47,
    "map_at_1": 0.96,
    "map_at_10": 0.98,
    "map_at_100": 0.98,
    "map_at_1000": 0.98,
    "map_at_20": 0.98,
    "map_at_3": 0.98,
    "map_at_5": 0.98,
    "mrr_at_1": 0.96,
    "mrr_at_10": 0.98,
    "mrr_at_100": 0.98,
    "mrr_at_1000": 0.98,
    "mrr_at_20": 0.98,
    "mrr_at_3": 0.98,
    "mrr_at_5": 0.98,
    "ndcg_at_1": 0.96,
    "ndcg_at_10": 0.98524,
    "ndcg_at_100": 0.98524,
    "ndcg_at_1000": 0.98524,
    "ndcg_at_20": 0.98524,
    "ndcg_at_3": 0.98524,
    "ndcg_at_5": 0.98524,
    "precision_at_1": 0.96,
    "precision_at_10": 0.1,
    "precision_at_100": 0.01,
    "precision_at_1000": 0.001,
    "precision_at_20": 0.05,
    "precision_at_3": 0.33333,
    "precision_at_5": 0.2,
    "recall_at_1": 0.96,
    "recall_at_10": 1.0,
    "recall_at_100": 1.0,
    "recall_at_1000": 1.0,
    "recall_at_20": 1.0,
    "recall_at_3": 1.0,
    "recall_at_5": 1.0
  },
  "test_256": {
    "evaluation_time": 0.38,
    "map_at_1": 1.0,
    "map_at_10": 1.0,
    "map_at_100": 1.0,
    "map_at_1000": 1.0,
    "map_at_20": 1.0,
    "map_at_3": 1.0,
    "map_at_5": 1.0,
    "mrr_at_1": 1.0,
    "mrr_at_10": 1.0,
    "mrr_at_100": 1.0,
    "mrr_at_1000": 1.0,
    "mrr_at_20": 1.0,
    "mrr_at_3": 1.0,
    "mrr_at_5": 1.0,
    "ndcg_at_1": 1.0,
    "ndcg_at_10": 1.0,
    "ndcg_at_100": 1.0,
    "ndcg_at_1000": 1.0,
    "ndcg_at_20": 1.0,
    "ndcg_at_3": 1.0,
    "ndcg_at_5": 1.0,
    "precision_at_1": 1.0,
    "precision_at_10": 0.1,
    "precision_at_100": 0.01,
    "precision_at_1000": 0.001,
    "precision_at_20": 0.05,
    "precision_at_3": 0.33333,
    "precision_at_5": 0.2,
    "recall_at_1": 1.0,
    "recall_at_10": 1.0,
    "recall_at_100": 1.0,
    "recall_at_1000": 1.0,
    "recall_at_20": 1.0,
    "recall_at_3": 1.0,
    "recall_at_5": 1.0
  },
  "test_32768": {
    "evaluation_time": 31.95,
    "map_at_1": 0.02,
    "map_at_10": 0.05619,
    "map_at_100": 0.0743,
    "map_at_1000": 0.0743,
    "map_at_20": 0.05983,
    "map_at_3": 0.02667,
    "map_at_5": 0.02667,
    "mrr_at_1": 0.02,
    "mrr_at_10": 0.05619,
    "mrr_at_100": 0.07257,
    "mrr_at_1000": 0.07257,
    "mrr_at_20": 0.05983,
    "mrr_at_3": 0.02667,
    "mrr_at_5": 0.02667,
    "ndcg_at_1": 0.02,
    "ndcg_at_10": 0.09366,
    "ndcg_at_100": 0.23315,
    "ndcg_at_1000": 0.23315,
    "ndcg_at_20": 0.10482,
    "ndcg_at_3": 0.03,
    "ndcg_at_5": 0.03,
    "precision_at_1": 0.02,
    "precision_at_10": 0.022,
    "precision_at_100": 0.01,
    "precision_at_1000": 0.001,
    "precision_at_20": 0.013,
    "precision_at_3": 0.01333,
    "precision_at_5": 0.008,
    "recall_at_1": 0.02,
    "recall_at_10": 0.22,
    "recall_at_100": 1.0,
    "recall_at_1000": 1.0,
    "recall_at_20": 0.26,
    "recall_at_3": 0.04,
    "recall_at_5": 0.04
  },
  "test_4096": {
    "evaluation_time": 7.88,
    "map_at_1": 0.56,
    "map_at_10": 0.69056,
    "map_at_100": 0.69537,
    "map_at_1000": 0.69537,
    "map_at_20": 0.69537,
    "map_at_3": 0.66667,
    "map_at_5": 0.67667,
    "mrr_at_1": 0.56,
    "mrr_at_10": 0.69056,
    "mrr_at_100": 0.69537,
    "mrr_at_1000": 0.69537,
    "mrr_at_20": 0.69537,
    "mrr_at_3": 0.66667,
    "mrr_at_5": 0.67667,
    "ndcg_at_1": 0.56,
    "ndcg_at_10": 0.75106,
    "ndcg_at_100": 0.76705,
    "ndcg_at_1000": 0.76705,
    "ndcg_at_20": 0.76705,
    "ndcg_at_3": 0.70095,
    "ndcg_at_5": 0.71818,
    "precision_at_1": 0.56,
    "precision_at_10": 0.094,
    "precision_at_100": 0.01,
    "precision_at_1000": 0.001,
    "precision_at_20": 0.05,
    "precision_at_3": 0.26667,
    "precision_at_5": 0.168,
    "recall_at_1": 0.56,
    "recall_at_10": 0.94,
    "recall_at_100": 1.0,
    "recall_at_1000": 1.0,
    "recall_at_20": 1.0,
    "recall_at_3": 0.8,
    "recall_at_5": 0.84
  },
  "test_512": {
    "evaluation_time": 0.43,
    "map_at_1": 0.98,
    "map_at_10": 0.99,
    "map_at_100": 0.99,
    "map_at_1000": 0.99,
    "map_at_20": 0.99,
    "map_at_3": 0.99,
    "map_at_5": 0.99,
    "mrr_at_1": 0.98,
    "mrr_at_10": 0.99,
    "mrr_at_100": 0.99,
    "mrr_at_1000": 0.99,
    "mrr_at_20": 0.99,
    "mrr_at_3": 0.99,
    "mrr_at_5": 0.99,
    "ndcg_at_1": 0.98,
    "ndcg_at_10": 0.99262,
    "ndcg_at_100": 0.99262,
    "ndcg_at_1000": 0.99262,
    "ndcg_at_20": 0.99262,
    "ndcg_at_3": 0.99262,
    "ndcg_at_5": 0.99262,
    "precision_at_1": 0.98,
    "precision_at_10": 0.1,
    "precision_at_100": 0.01,
    "precision_at_1000": 0.001,
    "precision_at_20": 0.05,
    "precision_at_3": 0.33333,
    "precision_at_5": 0.2,
    "recall_at_1": 0.98,
    "recall_at_10": 1.0,
    "recall_at_100": 1.0,
    "recall_at_1000": 1.0,
    "recall_at_20": 1.0,
    "recall_at_3": 1.0,
    "recall_at_5": 1.0
  },
  "test_8192": {
    "evaluation_time": 27.01,
    "map_at_1": 0.2,
    "map_at_10": 0.24533,
    "map_at_100": 0.27227,
    "map_at_1000": 0.27227,
    "map_at_20": 0.25737,
    "map_at_3": 0.22333,
    "map_at_5": 0.23733,
    "mrr_at_1": 0.2,
    "mrr_at_10": 0.24533,
    "mrr_at_100": 0.27227,
    "mrr_at_1000": 0.27227,
    "mrr_at_20": 0.25737,
    "mrr_at_3": 0.22333,
    "mrr_at_5": 0.23733,
    "ndcg_at_1": 0.2,
    "ndcg_at_10": 0.28071,
    "ndcg_at_100": 0.41156,
    "ndcg_at_1000": 0.41156,
    "ndcg_at_20": 0.32561,
    "ndcg_at_3": 0.23262,
    "ndcg_at_5": 0.25758,
    "precision_at_1": 0.2,
    "precision_at_10": 0.04,
    "precision_at_100": 0.01,
    "precision_at_1000": 0.001,
    "precision_at_20": 0.029,
    "precision_at_3": 0.08667,
    "precision_at_5": 0.064,
    "recall_at_1": 0.2,
    "recall_at_10": 0.4,
    "recall_at_100": 1.0,
    "recall_at_1000": 1.0,
    "recall_at_20": 0.58,
    "recall_at_3": 0.26,
    "recall_at_5": 0.32
  }
}