{
  "dataset_revision": "6e346642246bfb4928c560ee08640dc84d074e8c",
  "mteb_dataset_name": "LEMBWikimQARetrieval",
  "mteb_version": "1.6.23",
  "test": {
    "evaluation_time": 65.29,
    "map_at_1": 0.63667,
    "map_at_10": 0.70554,
    "map_at_100": 0.71072,
    "map_at_1000": 0.711,
    "map_at_20": 0.70836,
    "map_at_3": 0.68833,
    "map_at_5": 0.70183,
    "mrr_at_1": 0.63667,
    "mrr_at_10": 0.70554,
    "mrr_at_100": 0.71072,
    "mrr_at_1000": 0.711,
    "mrr_at_20": 0.70836,
    "mrr_at_3": 0.68833,
    "mrr_at_5": 0.70183,
    "ndcg_at_1": 0.63667,
    "ndcg_at_10": 0.73754,
    "ndcg_at_100": 0.76363,
    "ndcg_at_1000": 0.76917,
    "ndcg_at_20": 0.74772,
    "ndcg_at_3": 0.70424,
    "ndcg_at_5": 0.72877,
    "precision_at_1": 0.63667,
    "precision_at_10": 0.08367,
    "precision_at_100": 0.0096,
    "precision_at_1000": 0.001,
    "precision_at_20": 0.04383,
    "precision_at_3": 0.25,
    "precision_at_5": 0.162,
    "recall_at_1": 0.63667,
    "recall_at_10": 0.83667,
    "recall_at_100": 0.96,
    "recall_at_1000": 1.0,
    "recall_at_20": 0.87667,
    "recall_at_3": 0.75,
    "recall_at_5": 0.81
  }
}