{
  "dataset_revision": "6e346642246bfb4928c560ee08640dc84d074e8c",
  "mteb_dataset_name": "LEMBQMSumRetrieval",
  "mteb_version": "1.6.23",
  "test": {
    "evaluation_time": 55.4,
    "map_at_1": 0.24034,
    "map_at_10": 0.31768,
    "map_at_100": 0.3335,
    "map_at_1000": 0.33371,
    "map_at_20": 0.32581,
    "map_at_3": 0.2888,
    "map_at_5": 0.30334,
    "mrr_at_1": 0.24034,
    "mrr_at_10": 0.31768,
    "mrr_at_100": 0.3335,
    "mrr_at_1000": 0.33371,
    "mrr_at_20": 0.32581,
    "mrr_at_3": 0.2888,
    "mrr_at_5": 0.30334,
    "ndcg_at_1": 0.24034,
    "ndcg_at_10": 0.36651,
    "ndcg_at_100": 0.45606,
    "ndcg_at_1000": 0.45968,
    "ndcg_at_20": 0.39581,
    "ndcg_at_3": 0.30508,
    "ndcg_at_5": 0.3314,
    "precision_at_1": 0.24034,
    "precision_at_10": 0.05259,
    "precision_at_100": 0.00975,
    "precision_at_1000": 0.001,
    "precision_at_20": 0.03206,
    "precision_at_3": 0.11744,
    "precision_at_5": 0.0833,
    "recall_at_1": 0.24034,
    "recall_at_10": 0.52587,
    "recall_at_100": 0.97511,
    "recall_at_1000": 1.0,
    "recall_at_20": 0.64113,
    "recall_at_3": 0.35232,
    "recall_at_5": 0.4165
  }
}