{
  "dataset_revision": "6e346642246bfb4928c560ee08640dc84d074e8c",
  "mteb_dataset_name": "LEMBQMSumRetrieval",
  "mteb_version": "1.6.23",
  "test": {
    "evaluation_time": 10.26,
    "map_at_1": 0.21873,
    "map_at_10": 0.3037,
    "map_at_100": 0.31904,
    "map_at_1000": 0.31937,
    "map_at_20": 0.31118,
    "map_at_3": 0.27177,
    "map_at_5": 0.28906,
    "mrr_at_1": 0.21873,
    "mrr_at_10": 0.3037,
    "mrr_at_100": 0.31904,
    "mrr_at_1000": 0.31937,
    "mrr_at_20": 0.31118,
    "mrr_at_3": 0.27177,
    "mrr_at_5": 0.28906,
    "ndcg_at_1": 0.21873,
    "ndcg_at_10": 0.35595,
    "ndcg_at_100": 0.44305,
    "ndcg_at_1000": 0.44869,
    "ndcg_at_20": 0.38357,
    "ndcg_at_3": 0.28941,
    "ndcg_at_5": 0.32091,
    "precision_at_1": 0.21873,
    "precision_at_10": 0.05252,
    "precision_at_100": 0.00961,
    "precision_at_1000": 0.001,
    "precision_at_20": 0.03176,
    "precision_at_3": 0.11351,
    "precision_at_5": 0.08356,
    "recall_at_1": 0.21873,
    "recall_at_10": 0.52521,
    "recall_at_100": 0.96136,
    "recall_at_1000": 1.0,
    "recall_at_20": 0.63523,
    "recall_at_3": 0.34054,
    "recall_at_5": 0.41781
  }
}