{
  "dataset_revision": "6e346642246bfb4928c560ee08640dc84d074e8c",
  "mteb_dataset_name": "LEMBSummScreenFDRetrieval",
  "mteb_version": "1.6.23",
  "validation": {
    "evaluation_time": 11.49,
    "map_at_1": 0.90774,
    "map_at_10": 0.93957,
    "map_at_100": 0.9401,
    "map_at_1000": 0.9401,
    "map_at_20": 0.93997,
    "map_at_3": 0.93601,
    "map_at_5": 0.93795,
    "mrr_at_1": 0.90774,
    "mrr_at_10": 0.93957,
    "mrr_at_100": 0.9401,
    "mrr_at_1000": 0.9401,
    "mrr_at_20": 0.93997,
    "mrr_at_3": 0.93601,
    "mrr_at_5": 0.93795,
    "ndcg_at_1": 0.90774,
    "ndcg_at_10": 0.9523,
    "ndcg_at_100": 0.95445,
    "ndcg_at_1000": 0.95445,
    "ndcg_at_20": 0.9538,
    "ndcg_at_3": 0.94483,
    "ndcg_at_5": 0.94842,
    "precision_at_1": 0.90774,
    "precision_at_10": 0.09911,
    "precision_at_100": 0.01,
    "precision_at_1000": 0.001,
    "precision_at_20": 0.04985,
    "precision_at_3": 0.32341,
    "precision_at_5": 0.19583,
    "recall_at_1": 0.90774,
    "recall_at_10": 0.99107,
    "recall_at_100": 1.0,
    "recall_at_1000": 1.0,
    "recall_at_20": 0.99702,
    "recall_at_3": 0.97024,
    "recall_at_5": 0.97917
  }
}