{
  "dataset_revision": "6e346642246bfb4928c560ee08640dc84d074e8c",
  "mteb_dataset_name": "LEMBWikimQARetrieval",
  "mteb_version": "1.6.23",
  "test": {
    "evaluation_time": 10.53,
    "map_at_1": 0.59667,
    "map_at_10": 0.65896,
    "map_at_100": 0.66593,
    "map_at_1000": 0.66616,
    "map_at_20": 0.66298,
    "map_at_3": 0.64278,
    "map_at_5": 0.65061,
    "mrr_at_1": 0.59667,
    "mrr_at_10": 0.65896,
    "mrr_at_100": 0.66593,
    "mrr_at_1000": 0.66616,
    "mrr_at_20": 0.66298,
    "mrr_at_3": 0.64278,
    "mrr_at_5": 0.65061,
    "ndcg_at_1": 0.59667,
    "ndcg_at_10": 0.69195,
    "ndcg_at_100": 0.72754,
    "ndcg_at_1000": 0.73214,
    "ndcg_at_20": 0.70694,
    "ndcg_at_3": 0.65829,
    "ndcg_at_5": 0.67221,
    "precision_at_1": 0.59667,
    "precision_at_10": 0.07967,
    "precision_at_100": 0.00967,
    "precision_at_1000": 0.001,
    "precision_at_20": 0.04283,
    "precision_at_3": 0.23444,
    "precision_at_5": 0.14733,
    "recall_at_1": 0.59667,
    "recall_at_10": 0.79667,
    "recall_at_100": 0.96667,
    "recall_at_1000": 1.0,
    "recall_at_20": 0.85667,
    "recall_at_3": 0.70333,
    "recall_at_5": 0.73667
  }
}