{
  "dataset_revision": "6e346642246bfb4928c560ee08640dc84d074e8c",
  "mteb_dataset_name": "LEMBNeedleRetrieval",
  "mteb_version": "1.6.23",
  "test_1024": {
    "evaluation_time": 0.51,
    "map_at_1": 0.44,
    "map_at_10": 0.44,
    "map_at_100": 0.44954,
    "map_at_1000": 0.44954,
    "map_at_20": 0.44,
    "map_at_3": 0.44,
    "map_at_5": 0.44,
    "mrr_at_1": 0.44,
    "mrr_at_10": 0.44,
    "mrr_at_100": 0.44964,
    "mrr_at_1000": 0.44964,
    "mrr_at_20": 0.44,
    "mrr_at_3": 0.44,
    "mrr_at_5": 0.44,
    "ndcg_at_1": 0.44,
    "ndcg_at_10": 0.44,
    "ndcg_at_100": 0.53447,
    "ndcg_at_1000": 0.53447,
    "ndcg_at_20": 0.44,
    "ndcg_at_3": 0.44,
    "ndcg_at_5": 0.44,
    "precision_at_1": 0.44,
    "precision_at_10": 0.044,
    "precision_at_100": 0.01,
    "precision_at_1000": 0.001,
    "precision_at_20": 0.022,
    "precision_at_3": 0.14667,
    "precision_at_5": 0.088,
    "recall_at_1": 0.44,
    "recall_at_10": 0.44,
    "recall_at_100": 1.0,
    "recall_at_1000": 1.0,
    "recall_at_20": 0.44,
    "recall_at_3": 0.44,
    "recall_at_5": 0.44
  },
  "test_16384": {
    "evaluation_time": 2.6,
    "map_at_1": 0.0,
    "map_at_10": 0.02008,
    "map_at_100": 0.04352,
    "map_at_1000": 0.04352,
    "map_at_20": 0.02712,
    "map_at_3": 0.00667,
    "map_at_5": 0.01167,
    "mrr_at_1": 0.0,
    "mrr_at_10": 0.00886,
    "mrr_at_100": 0.03397,
    "mrr_at_1000": 0.03397,
    "mrr_at_20": 0.0175,
    "mrr_at_3": 0.0,
    "mrr_at_5": 0.004,
    "ndcg_at_1": 0.0,
    "ndcg_at_10": 0.03842,
    "ndcg_at_100": 0.20394,
    "ndcg_at_1000": 0.20394,
    "ndcg_at_20": 0.06382,
    "ndcg_at_3": 0.01,
    "ndcg_at_5": 0.01861,
    "precision_at_1": 0.0,
    "precision_at_10": 0.01,
    "precision_at_100": 0.01,
    "precision_at_1000": 0.001,
    "precision_at_20": 0.01,
    "precision_at_3": 0.00667,
    "precision_at_5": 0.008,
    "recall_at_1": 0.0,
    "recall_at_10": 0.1,
    "recall_at_100": 1.0,
    "recall_at_1000": 1.0,
    "recall_at_20": 0.2,
    "recall_at_3": 0.02,
    "recall_at_5": 0.04
  },
  "test_2048": {
    "evaluation_time": 0.58,
    "map_at_1": 0.2,
    "map_at_10": 0.2,
    "map_at_100": 0.21739,
    "map_at_1000": 0.21739,
    "map_at_20": 0.20111,
    "map_at_3": 0.2,
    "map_at_5": 0.2,
    "mrr_at_1": 0.2,
    "mrr_at_10": 0.2,
    "mrr_at_100": 0.21843,
    "mrr_at_1000": 0.21843,
    "mrr_at_20": 0.2035,
    "mrr_at_3": 0.2,
    "mrr_at_5": 0.2,
    "ndcg_at_1": 0.2,
    "ndcg_at_10": 0.2,
    "ndcg_at_100": 0.34176,
    "ndcg_at_1000": 0.34176,
    "ndcg_at_20": 0.20471,
    "ndcg_at_3": 0.2,
    "ndcg_at_5": 0.2,
    "precision_at_1": 0.2,
    "precision_at_10": 0.02,
    "precision_at_100": 0.01,
    "precision_at_1000": 0.001,
    "precision_at_20": 0.011,
    "precision_at_3": 0.06667,
    "precision_at_5": 0.04,
    "recall_at_1": 0.2,
    "recall_at_10": 0.2,
    "recall_at_100": 1.0,
    "recall_at_1000": 1.0,
    "recall_at_20": 0.22,
    "recall_at_3": 0.2,
    "recall_at_5": 0.2
  },
  "test_256": {
    "evaluation_time": 1.94,
    "map_at_1": 0.9,
    "map_at_10": 0.95,
    "map_at_100": 0.95,
    "map_at_1000": 0.95,
    "map_at_20": 0.95,
    "map_at_3": 0.95,
    "map_at_5": 0.95,
    "mrr_at_1": 0.9,
    "mrr_at_10": 0.95,
    "mrr_at_100": 0.95,
    "mrr_at_1000": 0.95,
    "mrr_at_20": 0.95,
    "mrr_at_3": 0.95,
    "mrr_at_5": 0.95,
    "ndcg_at_1": 0.9,
    "ndcg_at_10": 0.96309,
    "ndcg_at_100": 0.96309,
    "ndcg_at_1000": 0.96309,
    "ndcg_at_20": 0.96309,
    "ndcg_at_3": 0.96309,
    "ndcg_at_5": 0.96309,
    "precision_at_1": 0.9,
    "precision_at_10": 0.1,
    "precision_at_100": 0.01,
    "precision_at_1000": 0.001,
    "precision_at_20": 0.05,
    "precision_at_3": 0.33333,
    "precision_at_5": 0.2,
    "recall_at_1": 0.9,
    "recall_at_10": 1.0,
    "recall_at_100": 1.0,
    "recall_at_1000": 1.0,
    "recall_at_20": 1.0,
    "recall_at_3": 1.0,
    "recall_at_5": 1.0
  },
  "test_32768": {
    "evaluation_time": 4.98,
    "map_at_1": 0.02,
    "map_at_10": 0.04058,
    "map_at_100": 0.06161,
    "map_at_1000": 0.06161,
    "map_at_20": 0.04701,
    "map_at_3": 0.02,
    "map_at_5": 0.033,
    "mrr_at_1": 0.02,
    "mrr_at_10": 0.0325,
    "mrr_at_100": 0.05636,
    "mrr_at_1000": 0.05636,
    "mrr_at_20": 0.03837,
    "mrr_at_3": 0.02667,
    "mrr_at_5": 0.02667,
    "ndcg_at_1": 0.02,
    "ndcg_at_10": 0.06308,
    "ndcg_at_100": 0.21878,
    "ndcg_at_1000": 0.21878,
    "ndcg_at_20": 0.08773,
    "ndcg_at_3": 0.02,
    "ndcg_at_5": 0.04409,
    "precision_at_1": 0.02,
    "precision_at_10": 0.014,
    "precision_at_100": 0.01,
    "precision_at_1000": 0.001,
    "precision_at_20": 0.012,
    "precision_at_3": 0.00667,
    "precision_at_5": 0.016,
    "recall_at_1": 0.02,
    "recall_at_10": 0.14,
    "recall_at_100": 1.0,
    "recall_at_1000": 1.0,
    "recall_at_20": 0.24,
    "recall_at_3": 0.02,
    "recall_at_5": 0.08
  },
  "test_4096": {
    "evaluation_time": 0.82,
    "map_at_1": 0.1,
    "map_at_10": 0.11,
    "map_at_100": 0.13029,
    "map_at_1000": 0.13029,
    "map_at_20": 0.11373,
    "map_at_3": 0.11,
    "map_at_5": 0.11,
    "mrr_at_1": 0.1,
    "mrr_at_10": 0.11,
    "mrr_at_100": 0.13373,
    "mrr_at_1000": 0.13373,
    "mrr_at_20": 0.11666,
    "mrr_at_3": 0.11,
    "mrr_at_5": 0.11,
    "ndcg_at_1": 0.1,
    "ndcg_at_10": 0.11262,
    "ndcg_at_100": 0.26988,
    "ndcg_at_1000": 0.26988,
    "ndcg_at_20": 0.12726,
    "ndcg_at_3": 0.11262,
    "ndcg_at_5": 0.11262,
    "precision_at_1": 0.1,
    "precision_at_10": 0.012,
    "precision_at_100": 0.01,
    "precision_at_1000": 0.001,
    "precision_at_20": 0.009,
    "precision_at_3": 0.04,
    "precision_at_5": 0.024,
    "recall_at_1": 0.1,
    "recall_at_10": 0.12,
    "recall_at_100": 1.0,
    "recall_at_1000": 1.0,
    "recall_at_20": 0.18,
    "recall_at_3": 0.12,
    "recall_at_5": 0.12
  },
  "test_512": {
    "evaluation_time": 0.37,
    "map_at_1": 0.82,
    "map_at_10": 0.90067,
    "map_at_100": 0.90067,
    "map_at_1000": 0.90067,
    "map_at_20": 0.90067,
    "map_at_3": 0.89667,
    "map_at_5": 0.90067,
    "mrr_at_1": 0.82,
    "mrr_at_10": 0.90067,
    "mrr_at_100": 0.90067,
    "mrr_at_1000": 0.90067,
    "mrr_at_20": 0.90067,
    "mrr_at_3": 0.89667,
    "mrr_at_5": 0.90067,
    "ndcg_at_1": 0.82,
    "ndcg_at_10": 0.92607,
    "ndcg_at_100": 0.92607,
    "ndcg_at_1000": 0.92607,
    "ndcg_at_20": 0.92607,
    "ndcg_at_3": 0.91833,
    "ndcg_at_5": 0.92607,
    "precision_at_1": 0.82,
    "precision_at_10": 0.1,
    "precision_at_100": 0.01,
    "precision_at_1000": 0.001,
    "precision_at_20": 0.05,
    "precision_at_3": 0.32667,
    "precision_at_5": 0.2,
    "recall_at_1": 0.82,
    "recall_at_10": 1.0,
    "recall_at_100": 1.0,
    "recall_at_1000": 1.0,
    "recall_at_20": 1.0,
    "recall_at_3": 0.98,
    "recall_at_5": 1.0
  },
  "test_8192": {
    "evaluation_time": 1.32,
    "map_at_1": 0.04,
    "map_at_10": 0.05202,
    "map_at_100": 0.07128,
    "map_at_1000": 0.07128,
    "map_at_20": 0.0553,
    "map_at_3": 0.04667,
    "map_at_5": 0.04667,
    "mrr_at_1": 0.04,
    "mrr_at_10": 0.04986,
    "mrr_at_100": 0.07427,
    "mrr_at_1000": 0.07427,
    "mrr_at_20": 0.0558,
    "mrr_at_3": 0.04,
    "mrr_at_5": 0.045,
    "ndcg_at_1": 0.04,
    "ndcg_at_10": 0.06298,
    "ndcg_at_100": 0.22157,
    "ndcg_at_1000": 0.22157,
    "ndcg_at_20": 0.07702,
    "ndcg_at_3": 0.05,
    "ndcg_at_5": 0.05,
    "precision_at_1": 0.04,
    "precision_at_10": 0.01,
    "precision_at_100": 0.01,
    "precision_at_1000": 0.001,
    "precision_at_20": 0.008,
    "precision_at_3": 0.02,
    "precision_at_5": 0.012,
    "recall_at_1": 0.04,
    "recall_at_10": 0.1,
    "recall_at_100": 1.0,
    "recall_at_1000": 1.0,
    "recall_at_20": 0.16,
    "recall_at_3": 0.06,
    "recall_at_5": 0.06
  }
}