{
  "dataset_revision": "6e346642246bfb4928c560ee08640dc84d074e8c",
  "mteb_dataset_name": "LEMBPasskeyRetrieval",
  "mteb_version": "1.6.23",
  "test_1024": {
    "evaluation_time": 0.48,
    "map_at_1": 0.62,
    "map_at_10": 0.62,
    "map_at_100": 0.62486,
    "map_at_1000": 0.62486,
    "map_at_20": 0.62,
    "map_at_3": 0.62,
    "map_at_5": 0.62,
    "mrr_at_1": 0.62,
    "mrr_at_10": 0.62,
    "mrr_at_100": 0.6248,
    "mrr_at_1000": 0.6248,
    "mrr_at_20": 0.62,
    "mrr_at_3": 0.62,
    "mrr_at_5": 0.62,
    "ndcg_at_1": 0.62,
    "ndcg_at_10": 0.62,
    "ndcg_at_100": 0.68017,
    "ndcg_at_1000": 0.68017,
    "ndcg_at_20": 0.62,
    "ndcg_at_3": 0.62,
    "ndcg_at_5": 0.62,
    "precision_at_1": 0.62,
    "precision_at_10": 0.062,
    "precision_at_100": 0.01,
    "precision_at_1000": 0.001,
    "precision_at_20": 0.031,
    "precision_at_3": 0.20667,
    "precision_at_5": 0.124,
    "recall_at_1": 0.62,
    "recall_at_10": 0.62,
    "recall_at_100": 1.0,
    "recall_at_1000": 1.0,
    "recall_at_20": 0.62,
    "recall_at_3": 0.62,
    "recall_at_5": 0.62
  },
  "test_16384": {
    "evaluation_time": 2.11,
    "map_at_1": 0.04,
    "map_at_10": 0.04286,
    "map_at_100": 0.06857,
    "map_at_1000": 0.06857,
    "map_at_20": 0.05239,
    "map_at_3": 0.04,
    "map_at_5": 0.04,
    "mrr_at_1": 0.04,
    "mrr_at_10": 0.05222,
    "mrr_at_100": 0.07543,
    "mrr_at_1000": 0.07543,
    "mrr_at_20": 0.06041,
    "mrr_at_3": 0.04,
    "mrr_at_5": 0.05,
    "ndcg_at_1": 0.04,
    "ndcg_at_10": 0.04667,
    "ndcg_at_100": 0.22155,
    "ndcg_at_1000": 0.22155,
    "ndcg_at_20": 0.08185,
    "ndcg_at_3": 0.04,
    "ndcg_at_5": 0.04,
    "precision_at_1": 0.04,
    "precision_at_10": 0.006,
    "precision_at_100": 0.01,
    "precision_at_1000": 0.001,
    "precision_at_20": 0.01,
    "precision_at_3": 0.01333,
    "precision_at_5": 0.008,
    "recall_at_1": 0.04,
    "recall_at_10": 0.06,
    "recall_at_100": 1.0,
    "recall_at_1000": 1.0,
    "recall_at_20": 0.2,
    "recall_at_3": 0.04,
    "recall_at_5": 0.04
  },
  "test_2048": {
    "evaluation_time": 0.55,
    "map_at_1": 0.22,
    "map_at_10": 0.22,
    "map_at_100": 0.23479,
    "map_at_1000": 0.23479,
    "map_at_20": 0.22,
    "map_at_3": 0.22,
    "map_at_5": 0.22,
    "mrr_at_1": 0.22,
    "mrr_at_10": 0.22,
    "mrr_at_100": 0.23466,
    "mrr_at_1000": 0.23466,
    "mrr_at_20": 0.22,
    "mrr_at_3": 0.22,
    "mrr_at_5": 0.22,
    "ndcg_at_1": 0.22,
    "ndcg_at_10": 0.22,
    "ndcg_at_100": 0.35412,
    "ndcg_at_1000": 0.35412,
    "ndcg_at_20": 0.22,
    "ndcg_at_3": 0.22,
    "ndcg_at_5": 0.22,
    "precision_at_1": 0.22,
    "precision_at_10": 0.022,
    "precision_at_100": 0.01,
    "precision_at_1000": 0.001,
    "precision_at_20": 0.011,
    "precision_at_3": 0.07333,
    "precision_at_5": 0.044,
    "recall_at_1": 0.22,
    "recall_at_10": 0.22,
    "recall_at_100": 1.0,
    "recall_at_1000": 1.0,
    "recall_at_20": 0.22,
    "recall_at_3": 0.22,
    "recall_at_5": 0.22
  },
  "test_256": {
    "evaluation_time": 0.37,
    "map_at_1": 1.0,
    "map_at_10": 1.0,
    "map_at_100": 1.0,
    "map_at_1000": 1.0,
    "map_at_20": 1.0,
    "map_at_3": 1.0,
    "map_at_5": 1.0,
    "mrr_at_1": 1.0,
    "mrr_at_10": 1.0,
    "mrr_at_100": 1.0,
    "mrr_at_1000": 1.0,
    "mrr_at_20": 1.0,
    "mrr_at_3": 1.0,
    "mrr_at_5": 1.0,
    "ndcg_at_1": 1.0,
    "ndcg_at_10": 1.0,
    "ndcg_at_100": 1.0,
    "ndcg_at_1000": 1.0,
    "ndcg_at_20": 1.0,
    "ndcg_at_3": 1.0,
    "ndcg_at_5": 1.0,
    "precision_at_1": 1.0,
    "precision_at_10": 0.1,
    "precision_at_100": 0.01,
    "precision_at_1000": 0.001,
    "precision_at_20": 0.05,
    "precision_at_3": 0.33333,
    "precision_at_5": 0.2,
    "recall_at_1": 1.0,
    "recall_at_10": 1.0,
    "recall_at_100": 1.0,
    "recall_at_1000": 1.0,
    "recall_at_20": 1.0,
    "recall_at_3": 1.0,
    "recall_at_5": 1.0
  },
  "test_32768": {
    "evaluation_time": 4.63,
    "map_at_1": 0.02,
    "map_at_10": 0.04441,
    "map_at_100": 0.06713,
    "map_at_1000": 0.06713,
    "map_at_20": 0.0519,
    "map_at_3": 0.03,
    "map_at_5": 0.034,
    "mrr_at_1": 0.02,
    "mrr_at_10": 0.04375,
    "mrr_at_100": 0.06338,
    "mrr_at_1000": 0.06338,
    "mrr_at_20": 0.04867,
    "mrr_at_3": 0.03667,
    "mrr_at_5": 0.03667,
    "ndcg_at_1": 0.02,
    "ndcg_at_10": 0.06595,
    "ndcg_at_100": 0.22482,
    "ndcg_at_1000": 0.22482,
    "ndcg_at_20": 0.09521,
    "ndcg_at_3": 0.03262,
    "ndcg_at_5": 0.04036,
    "precision_at_1": 0.02,
    "precision_at_10": 0.014,
    "precision_at_100": 0.01,
    "precision_at_1000": 0.001,
    "precision_at_20": 0.013,
    "precision_at_3": 0.01333,
    "precision_at_5": 0.012,
    "recall_at_1": 0.02,
    "recall_at_10": 0.14,
    "recall_at_100": 1.0,
    "recall_at_1000": 1.0,
    "recall_at_20": 0.26,
    "recall_at_3": 0.04,
    "recall_at_5": 0.06
  },
  "test_4096": {
    "evaluation_time": 0.74,
    "map_at_1": 0.14,
    "map_at_10": 0.14,
    "map_at_100": 0.15897,
    "map_at_1000": 0.15897,
    "map_at_20": 0.14383,
    "map_at_3": 0.14,
    "map_at_5": 0.14,
    "mrr_at_1": 0.14,
    "mrr_at_10": 0.14,
    "mrr_at_100": 0.16031,
    "mrr_at_1000": 0.16031,
    "mrr_at_20": 0.14471,
    "mrr_at_3": 0.14,
    "mrr_at_5": 0.14,
    "ndcg_at_1": 0.14,
    "ndcg_at_10": 0.14,
    "ndcg_at_100": 0.29248,
    "ndcg_at_1000": 0.29248,
    "ndcg_at_20": 0.15479,
    "ndcg_at_3": 0.14,
    "ndcg_at_5": 0.14,
    "precision_at_1": 0.14,
    "precision_at_10": 0.014,
    "precision_at_100": 0.01,
    "precision_at_1000": 0.001,
    "precision_at_20": 0.01,
    "precision_at_3": 0.04667,
    "precision_at_5": 0.028,
    "recall_at_1": 0.14,
    "recall_at_10": 0.14,
    "recall_at_100": 1.0,
    "recall_at_1000": 1.0,
    "recall_at_20": 0.2,
    "recall_at_3": 0.14,
    "recall_at_5": 0.14
  },
  "test_512": {
    "evaluation_time": 0.38,
    "map_at_1": 1.0,
    "map_at_10": 1.0,
    "map_at_100": 1.0,
    "map_at_1000": 1.0,
    "map_at_20": 1.0,
    "map_at_3": 1.0,
    "map_at_5": 1.0,
    "mrr_at_1": 1.0,
    "mrr_at_10": 1.0,
    "mrr_at_100": 1.0,
    "mrr_at_1000": 1.0,
    "mrr_at_20": 1.0,
    "mrr_at_3": 1.0,
    "mrr_at_5": 1.0,
    "ndcg_at_1": 1.0,
    "ndcg_at_10": 1.0,
    "ndcg_at_100": 1.0,
    "ndcg_at_1000": 1.0,
    "ndcg_at_20": 1.0,
    "ndcg_at_3": 1.0,
    "ndcg_at_5": 1.0,
    "precision_at_1": 1.0,
    "precision_at_10": 0.1,
    "precision_at_100": 0.01,
    "precision_at_1000": 0.001,
    "precision_at_20": 0.05,
    "precision_at_3": 0.33333,
    "precision_at_5": 0.2,
    "recall_at_1": 1.0,
    "recall_at_10": 1.0,
    "recall_at_100": 1.0,
    "recall_at_1000": 1.0,
    "recall_at_20": 1.0,
    "recall_at_3": 1.0,
    "recall_at_5": 1.0
  },
  "test_8192": {
    "evaluation_time": 1.11,
    "map_at_1": 0.04,
    "map_at_10": 0.04908,
    "map_at_100": 0.07191,
    "map_at_1000": 0.07191,
    "map_at_20": 0.05676,
    "map_at_3": 0.04,
    "map_at_5": 0.044,
    "mrr_at_1": 0.04,
    "mrr_at_10": 0.0485,
    "mrr_at_100": 0.07141,
    "mrr_at_1000": 0.07141,
    "mrr_at_20": 0.05695,
    "mrr_at_3": 0.04,
    "mrr_at_5": 0.044,
    "ndcg_at_1": 0.04,
    "ndcg_at_10": 0.06042,
    "ndcg_at_100": 0.22498,
    "ndcg_at_1000": 0.22498,
    "ndcg_at_20": 0.08997,
    "ndcg_at_3": 0.04,
    "ndcg_at_5": 0.04774,
    "precision_at_1": 0.04,
    "precision_at_10": 0.01,
    "precision_at_100": 0.01,
    "precision_at_1000": 0.001,
    "precision_at_20": 0.011,
    "precision_at_3": 0.01333,
    "precision_at_5": 0.012,
    "recall_at_1": 0.04,
    "recall_at_10": 0.1,
    "recall_at_100": 1.0,
    "recall_at_1000": 1.0,
    "recall_at_20": 0.22,
    "recall_at_3": 0.04,
    "recall_at_5": 0.06
  }
}