{
  "dataset_revision": "6e346642246bfb4928c560ee08640dc84d074e8c",
  "mteb_dataset_name": "LEMBNarrativeQARetrieval",
  "mteb_version": "1.6.23",
  "test": {
    "evaluation_time": 52.36,
    "map_at_1": 0.19045,
    "map_at_10": 0.22583,
    "map_at_100": 0.23527,
    "map_at_1000": 0.23733,
    "map_at_20": 0.22962,
    "map_at_3": 0.21465,
    "map_at_5": 0.22039,
    "mrr_at_1": 0.19045,
    "mrr_at_10": 0.22583,
    "mrr_at_100": 0.23527,
    "mrr_at_1000": 0.23733,
    "mrr_at_20": 0.22962,
    "mrr_at_3": 0.21465,
    "mrr_at_5": 0.22039,
    "ndcg_at_1": 0.19045,
    "ndcg_at_10": 0.24609,
    "ndcg_at_100": 0.30709,
    "ndcg_at_1000": 0.35575,
    "ndcg_at_20": 0.26028,
    "ndcg_at_3": 0.22245,
    "ndcg_at_5": 0.23285,
    "precision_at_1": 0.19045,
    "precision_at_10": 0.03114,
    "precision_at_100": 0.00633,
    "precision_at_1000": 0.001,
    "precision_at_20": 0.01842,
    "precision_at_3": 0.08167,
    "precision_at_5": 0.05407,
    "recall_at_1": 0.19045,
    "recall_at_10": 0.31142,
    "recall_at_100": 0.63327,
    "recall_at_1000": 1.0,
    "recall_at_20": 0.36836,
    "recall_at_3": 0.245,
    "recall_at_5": 0.27036
  }
}