{
  "dataset_revision": "6e346642246bfb4928c560ee08640dc84d074e8c",
  "mteb_dataset_name": "LEMBQMSumRetrieval",
  "mteb_version": "1.6.23",
  "test": {
    "evaluation_time": 5.69,
    "map_at_1": 0.12312,
    "map_at_10": 0.1892,
    "map_at_100": 0.20658,
    "map_at_1000": 0.20742,
    "map_at_20": 0.19711,
    "map_at_3": 0.16306,
    "map_at_5": 0.17764,
    "mrr_at_1": 0.12312,
    "mrr_at_10": 0.1892,
    "mrr_at_100": 0.20658,
    "mrr_at_1000": 0.20742,
    "mrr_at_20": 0.19711,
    "mrr_at_3": 0.16306,
    "mrr_at_5": 0.17764,
    "ndcg_at_1": 0.12312,
    "ndcg_at_10": 0.23158,
    "ndcg_at_100": 0.33515,
    "ndcg_at_1000": 0.34969,
    "ndcg_at_20": 0.26083,
    "ndcg_at_3": 0.17664,
    "ndcg_at_5": 0.20285,
    "precision_at_1": 0.12312,
    "precision_at_10": 0.037,
    "precision_at_100": 0.00899,
    "precision_at_1000": 0.001,
    "precision_at_20": 0.02433,
    "precision_at_3": 0.07204,
    "precision_at_5": 0.05593,
    "recall_at_1": 0.12312,
    "recall_at_10": 0.37001,
    "recall_at_100": 0.89915,
    "recall_at_1000": 1.0,
    "recall_at_20": 0.48657,
    "recall_at_3": 0.21611,
    "recall_at_5": 0.27963
  }
}