{
  "dataset_revision": "6e346642246bfb4928c560ee08640dc84d074e8c",
  "mteb_dataset_name": "LEMBSummScreenFDRetrieval",
  "mteb_version": "1.6.23",
  "validation": {
    "evaluation_time": 4.68,
    "map_at_1": 0.50298,
    "map_at_10": 0.60926,
    "map_at_100": 0.61613,
    "map_at_1000": 0.61622,
    "map_at_20": 0.61439,
    "map_at_3": 0.57986,
    "map_at_5": 0.59549,
    "mrr_at_1": 0.50298,
    "mrr_at_10": 0.60926,
    "mrr_at_100": 0.61613,
    "mrr_at_1000": 0.61622,
    "mrr_at_20": 0.61439,
    "mrr_at_3": 0.57986,
    "mrr_at_5": 0.59549,
    "ndcg_at_1": 0.50298,
    "ndcg_at_10": 0.66636,
    "ndcg_at_100": 0.69691,
    "ndcg_at_1000": 0.69893,
    "ndcg_at_20": 0.68464,
    "ndcg_at_3": 0.60519,
    "ndcg_at_5": 0.63337,
    "precision_at_1": 0.50298,
    "precision_at_10": 0.08482,
    "precision_at_100": 0.00985,
    "precision_at_1000": 0.001,
    "precision_at_20": 0.04598,
    "precision_at_3": 0.22619,
    "precision_at_5": 0.1494,
    "recall_at_1": 0.50298,
    "recall_at_10": 0.84821,
    "recall_at_100": 0.98512,
    "recall_at_1000": 1.0,
    "recall_at_20": 0.91964,
    "recall_at_3": 0.67857,
    "recall_at_5": 0.74702
  }
}