{
  "dataset_revision": "6e346642246bfb4928c560ee08640dc84d074e8c",
  "mteb_dataset_name": "LEMBWikimQARetrieval",
  "mteb_version": "1.6.23",
  "test": {
    "evaluation_time": 4.59,
    "map_at_1": 0.51333,
    "map_at_10": 0.56377,
    "map_at_100": 0.57278,
    "map_at_1000": 0.57329,
    "map_at_20": 0.56795,
    "map_at_3": 0.55,
    "map_at_5": 0.55967,
    "mrr_at_1": 0.51333,
    "mrr_at_10": 0.56377,
    "mrr_at_100": 0.57278,
    "mrr_at_1000": 0.57328,
    "mrr_at_20": 0.56795,
    "mrr_at_3": 0.55,
    "mrr_at_5": 0.55967,
    "ndcg_at_1": 0.51333,
    "ndcg_at_10": 0.58847,
    "ndcg_at_100": 0.63904,
    "ndcg_at_1000": 0.65027,
    "ndcg_at_20": 0.60422,
    "ndcg_at_3": 0.5604,
    "ndcg_at_5": 0.57804,
    "precision_at_1": 0.51333,
    "precision_at_10": 0.06667,
    "precision_at_100": 0.00917,
    "precision_at_1000": 0.001,
    "precision_at_20": 0.0365,
    "precision_at_3": 0.19667,
    "precision_at_5": 0.12667,
    "recall_at_1": 0.51333,
    "recall_at_10": 0.66667,
    "recall_at_100": 0.91667,
    "recall_at_1000": 1.0,
    "recall_at_20": 0.73,
    "recall_at_3": 0.59,
    "recall_at_5": 0.63333
  }
}