{
  "dataset_revision": "6e346642246bfb4928c560ee08640dc84d074e8c",
  "mteb_dataset_name": "LEMBSummScreenFDRetrieval",
  "mteb_version": "1.6.23",
  "validation": {
    "evaluation_time": 4.63,
    "map_at_1": 0.54762,
    "map_at_10": 0.6724,
    "map_at_100": 0.67603,
    "map_at_1000": 0.67607,
    "map_at_20": 0.67507,
    "map_at_3": 0.64435,
    "map_at_5": 0.66012,
    "mrr_at_1": 0.54762,
    "mrr_at_10": 0.6724,
    "mrr_at_100": 0.67603,
    "mrr_at_1000": 0.67607,
    "mrr_at_20": 0.67507,
    "mrr_at_3": 0.64435,
    "mrr_at_5": 0.66012,
    "ndcg_at_1": 0.54762,
    "ndcg_at_10": 0.73494,
    "ndcg_at_100": 0.74967,
    "ndcg_at_1000": 0.75051,
    "ndcg_at_20": 0.7442,
    "ndcg_at_3": 0.67676,
    "ndcg_at_5": 0.7057,
    "precision_at_1": 0.54762,
    "precision_at_10": 0.09315,
    "precision_at_100": 0.00994,
    "precision_at_1000": 0.001,
    "precision_at_20": 0.04836,
    "precision_at_3": 0.25694,
    "precision_at_5": 0.16845,
    "recall_at_1": 0.54762,
    "recall_at_10": 0.93155,
    "recall_at_100": 0.99405,
    "recall_at_1000": 1.0,
    "recall_at_20": 0.96726,
    "recall_at_3": 0.77083,
    "recall_at_5": 0.84226
  }
}