{
  "dataset_revision": "6e346642246bfb4928c560ee08640dc84d074e8c",
  "mteb_dataset_name": "LEMBQMSumRetrieval",
  "mteb_version": "1.6.23",
  "test": {
    "evaluation_time": 5.44,
    "map_at_1": 0.13949,
    "map_at_10": 0.21121,
    "map_at_100": 0.22748,
    "map_at_1000": 0.2283,
    "map_at_20": 0.21842,
    "map_at_3": 0.1874,
    "map_at_5": 0.19877,
    "mrr_at_1": 0.13949,
    "mrr_at_10": 0.21121,
    "mrr_at_100": 0.22748,
    "mrr_at_1000": 0.2283,
    "mrr_at_20": 0.21842,
    "mrr_at_3": 0.1874,
    "mrr_at_5": 0.19877,
    "ndcg_at_1": 0.13949,
    "ndcg_at_10": 0.25477,
    "ndcg_at_100": 0.35269,
    "ndcg_at_1000": 0.3671,
    "ndcg_at_20": 0.28075,
    "ndcg_at_3": 0.20364,
    "ndcg_at_5": 0.22441,
    "precision_at_1": 0.13949,
    "precision_at_10": 0.03962,
    "precision_at_100": 0.009,
    "precision_at_1000": 0.001,
    "precision_at_20": 0.02492,
    "precision_at_3": 0.08361,
    "precision_at_5": 0.06038,
    "recall_at_1": 0.13949,
    "recall_at_10": 0.3962,
    "recall_at_100": 0.8998,
    "recall_at_1000": 1.0,
    "recall_at_20": 0.49836,
    "recall_at_3": 0.25082,
    "recall_at_5": 0.3019
  }
}