{
  "dataset_revision": "6e346642246bfb4928c560ee08640dc84d074e8c",
  "mteb_dataset_name": "LEMBWikimQARetrieval",
  "mteb_version": "1.6.23",
  "test": {
    "evaluation_time": 4.06,
    "map_at_1": 0.38667,
    "map_at_10": 0.44104,
    "map_at_100": 0.45221,
    "map_at_1000": 0.45315,
    "map_at_20": 0.44721,
    "map_at_3": 0.42556,
    "map_at_5": 0.43056,
    "mrr_at_1": 0.38667,
    "mrr_at_10": 0.44104,
    "mrr_at_100": 0.45221,
    "mrr_at_1000": 0.45318,
    "mrr_at_20": 0.44724,
    "mrr_at_3": 0.42556,
    "mrr_at_5": 0.43056,
    "ndcg_at_1": 0.38667,
    "ndcg_at_10": 0.47231,
    "ndcg_at_100": 0.53061,
    "ndcg_at_1000": 0.55061,
    "ndcg_at_20": 0.49555,
    "ndcg_at_3": 0.43865,
    "ndcg_at_5": 0.44726,
    "precision_at_1": 0.38667,
    "precision_at_10": 0.05733,
    "precision_at_100": 0.00853,
    "precision_at_1000": 0.001,
    "precision_at_20": 0.03333,
    "precision_at_3": 0.15889,
    "precision_at_5": 0.09933,
    "recall_at_1": 0.38667,
    "recall_at_10": 0.57333,
    "recall_at_100": 0.85333,
    "recall_at_1000": 1.0,
    "recall_at_20": 0.66667,
    "recall_at_3": 0.47667,
    "recall_at_5": 0.49667
  }
}