{
  "dataset_revision": "6e346642246bfb4928c560ee08640dc84d074e8c",
  "mteb_dataset_name": "LEMBNarrativeQARetrieval",
  "mteb_version": "1.6.23",
  "test": {
    "evaluation_time": 55.13,
    "map_at_1": 0.20174,
    "map_at_10": 0.24328,
    "map_at_100": 0.25131,
    "map_at_1000": 0.25347,
    "map_at_20": 0.24699,
    "map_at_3": 0.23047,
    "map_at_5": 0.23735,
    "mrr_at_1": 0.20174,
    "mrr_at_10": 0.24328,
    "mrr_at_100": 0.25131,
    "mrr_at_1000": 0.25347,
    "mrr_at_20": 0.24699,
    "mrr_at_3": 0.23047,
    "mrr_at_5": 0.23735,
    "ndcg_at_1": 0.20174,
    "ndcg_at_10": 0.26678,
    "ndcg_at_100": 0.31624,
    "ndcg_at_1000": 0.36899,
    "ndcg_at_20": 0.2804,
    "ndcg_at_3": 0.23988,
    "ndcg_at_5": 0.25231,
    "precision_at_1": 0.20174,
    "precision_at_10": 0.03423,
    "precision_at_100": 0.00599,
    "precision_at_1000": 0.001,
    "precision_at_20": 0.01982,
    "precision_at_3": 0.08904,
    "precision_at_5": 0.05947,
    "recall_at_1": 0.20174,
    "recall_at_10": 0.34233,
    "recall_at_100": 0.5991,
    "recall_at_1000": 1.0,
    "recall_at_20": 0.3965,
    "recall_at_3": 0.26711,
    "recall_at_5": 0.29735
  }
}