{
  "dataset_revision": "6e346642246bfb4928c560ee08640dc84d074e8c",
  "mteb_dataset_name": "LEMBPasskeyRetrieval",
  "mteb_version": "1.6.23",
  "test_1024": {
    "evaluation_time": 0.41,
    "map_at_1": 0.64,
    "map_at_10": 0.64,
    "map_at_100": 0.64491,
    "map_at_1000": 0.64491,
    "map_at_20": 0.64,
    "map_at_3": 0.64,
    "map_at_5": 0.64,
    "mrr_at_1": 0.64,
    "mrr_at_10": 0.64,
    "mrr_at_100": 0.64469,
    "mrr_at_1000": 0.64469,
    "mrr_at_20": 0.64,
    "mrr_at_3": 0.64,
    "mrr_at_5": 0.64,
    "ndcg_at_1": 0.64,
    "ndcg_at_10": 0.64,
    "ndcg_at_100": 0.69781,
    "ndcg_at_1000": 0.69781,
    "ndcg_at_20": 0.64,
    "ndcg_at_3": 0.64,
    "ndcg_at_5": 0.64,
    "precision_at_1": 0.64,
    "precision_at_10": 0.064,
    "precision_at_100": 0.01,
    "precision_at_1000": 0.001,
    "precision_at_20": 0.032,
    "precision_at_3": 0.21333,
    "precision_at_5": 0.128,
    "recall_at_1": 0.64,
    "recall_at_10": 0.64,
    "recall_at_100": 1.0,
    "recall_at_1000": 1.0,
    "recall_at_20": 0.64,
    "recall_at_3": 0.64,
    "recall_at_5": 0.64
  },
  "test_16384": {
    "evaluation_time": 2.23,
    "map_at_1": 0.04,
    "map_at_10": 0.05006,
    "map_at_100": 0.07312,
    "map_at_1000": 0.07312,
    "map_at_20": 0.05692,
    "map_at_3": 0.04,
    "map_at_5": 0.04,
    "mrr_at_1": 0.04,
    "mrr_at_10": 0.0565,
    "mrr_at_100": 0.07895,
    "mrr_at_1000": 0.07895,
    "mrr_at_20": 0.0624,
    "mrr_at_3": 0.04,
    "mrr_at_5": 0.054,
    "ndcg_at_1": 0.04,
    "ndcg_at_10": 0.06524,
    "ndcg_at_100": 0.22753,
    "ndcg_at_1000": 0.22753,
    "ndcg_at_20": 0.09044,
    "ndcg_at_3": 0.04,
    "ndcg_at_5": 0.04,
    "precision_at_1": 0.04,
    "precision_at_10": 0.012,
    "precision_at_100": 0.01,
    "precision_at_1000": 0.001,
    "precision_at_20": 0.011,
    "precision_at_3": 0.01333,
    "precision_at_5": 0.008,
    "recall_at_1": 0.04,
    "recall_at_10": 0.12,
    "recall_at_100": 1.0,
    "recall_at_1000": 1.0,
    "recall_at_20": 0.22,
    "recall_at_3": 0.04,
    "recall_at_5": 0.04
  },
  "test_2048": {
    "evaluation_time": 0.51,
    "map_at_1": 0.22,
    "map_at_10": 0.22,
    "map_at_100": 0.23657,
    "map_at_1000": 0.23657,
    "map_at_20": 0.22133,
    "map_at_3": 0.22,
    "map_at_5": 0.22,
    "mrr_at_1": 0.22,
    "mrr_at_10": 0.22,
    "mrr_at_100": 0.23555,
    "mrr_at_1000": 0.23555,
    "mrr_at_20": 0.22,
    "mrr_at_3": 0.22,
    "mrr_at_5": 0.22,
    "ndcg_at_1": 0.22,
    "ndcg_at_10": 0.22,
    "ndcg_at_100": 0.3575,
    "ndcg_at_1000": 0.3575,
    "ndcg_at_20": 0.225,
    "ndcg_at_3": 0.22,
    "ndcg_at_5": 0.22,
    "precision_at_1": 0.22,
    "precision_at_10": 0.022,
    "precision_at_100": 0.01,
    "precision_at_1000": 0.001,
    "precision_at_20": 0.012,
    "precision_at_3": 0.07333,
    "precision_at_5": 0.044,
    "recall_at_1": 0.22,
    "recall_at_10": 0.22,
    "recall_at_100": 1.0,
    "recall_at_1000": 1.0,
    "recall_at_20": 0.24,
    "recall_at_3": 0.22,
    "recall_at_5": 0.22
  },
  "test_256": {
    "evaluation_time": 0.34,
    "map_at_1": 1.0,
    "map_at_10": 1.0,
    "map_at_100": 1.0,
    "map_at_1000": 1.0,
    "map_at_20": 1.0,
    "map_at_3": 1.0,
    "map_at_5": 1.0,
    "mrr_at_1": 1.0,
    "mrr_at_10": 1.0,
    "mrr_at_100": 1.0,
    "mrr_at_1000": 1.0,
    "mrr_at_20": 1.0,
    "mrr_at_3": 1.0,
    "mrr_at_5": 1.0,
    "ndcg_at_1": 1.0,
    "ndcg_at_10": 1.0,
    "ndcg_at_100": 1.0,
    "ndcg_at_1000": 1.0,
    "ndcg_at_20": 1.0,
    "ndcg_at_3": 1.0,
    "ndcg_at_5": 1.0,
    "precision_at_1": 1.0,
    "precision_at_10": 0.1,
    "precision_at_100": 0.01,
    "precision_at_1000": 0.001,
    "precision_at_20": 0.05,
    "precision_at_3": 0.33333,
    "precision_at_5": 0.2,
    "recall_at_1": 1.0,
    "recall_at_10": 1.0,
    "recall_at_100": 1.0,
    "recall_at_1000": 1.0,
    "recall_at_20": 1.0,
    "recall_at_3": 1.0,
    "recall_at_5": 1.0
  },
  "test_32768": {
    "evaluation_time": 4.35,
    "map_at_1": 0.02,
    "map_at_10": 0.04686,
    "map_at_100": 0.07123,
    "map_at_1000": 0.07123,
    "map_at_20": 0.05534,
    "map_at_3": 0.03667,
    "map_at_5": 0.04067,
    "mrr_at_1": 0.02,
    "mrr_at_10": 0.03425,
    "mrr_at_100": 0.05739,
    "mrr_at_1000": 0.05739,
    "mrr_at_20": 0.03992,
    "mrr_at_3": 0.02667,
    "mrr_at_5": 0.02667,
    "ndcg_at_1": 0.02,
    "ndcg_at_10": 0.06415,
    "ndcg_at_100": 0.22823,
    "ndcg_at_1000": 0.22823,
    "ndcg_at_20": 0.0947,
    "ndcg_at_3": 0.04262,
    "ndcg_at_5": 0.05036,
    "precision_at_1": 0.02,
    "precision_at_10": 0.012,
    "precision_at_100": 0.01,
    "precision_at_1000": 0.001,
    "precision_at_20": 0.012,
    "precision_at_3": 0.02,
    "precision_at_5": 0.016,
    "recall_at_1": 0.02,
    "recall_at_10": 0.12,
    "recall_at_100": 1.0,
    "recall_at_1000": 1.0,
    "recall_at_20": 0.24,
    "recall_at_3": 0.06,
    "recall_at_5": 0.08
  },
  "test_4096": {
    "evaluation_time": 0.73,
    "map_at_1": 0.14,
    "map_at_10": 0.14222,
    "map_at_100": 0.15977,
    "map_at_1000": 0.15977,
    "map_at_20": 0.14347,
    "map_at_3": 0.14,
    "map_at_5": 0.14,
    "mrr_at_1": 0.14,
    "mrr_at_10": 0.14,
    "mrr_at_100": 0.15899,
    "mrr_at_1000": 0.15899,
    "mrr_at_20": 0.14261,
    "mrr_at_3": 0.14,
    "mrr_at_5": 0.14,
    "ndcg_at_1": 0.14,
    "ndcg_at_10": 0.14602,
    "ndcg_at_100": 0.29353,
    "ndcg_at_1000": 0.29353,
    "ndcg_at_20": 0.15091,
    "ndcg_at_3": 0.14,
    "ndcg_at_5": 0.14,
    "precision_at_1": 0.14,
    "precision_at_10": 0.016,
    "precision_at_100": 0.01,
    "precision_at_1000": 0.001,
    "precision_at_20": 0.009,
    "precision_at_3": 0.04667,
    "precision_at_5": 0.028,
    "recall_at_1": 0.14,
    "recall_at_10": 0.16,
    "recall_at_100": 1.0,
    "recall_at_1000": 1.0,
    "recall_at_20": 0.18,
    "recall_at_3": 0.14,
    "recall_at_5": 0.14
  },
  "test_512": {
    "evaluation_time": 0.34,
    "map_at_1": 0.98,
    "map_at_10": 0.99,
    "map_at_100": 0.99,
    "map_at_1000": 0.99,
    "map_at_20": 0.99,
    "map_at_3": 0.99,
    "map_at_5": 0.99,
    "mrr_at_1": 0.98,
    "mrr_at_10": 0.99,
    "mrr_at_100": 0.99,
    "mrr_at_1000": 0.99,
    "mrr_at_20": 0.99,
    "mrr_at_3": 0.99,
    "mrr_at_5": 0.99,
    "ndcg_at_1": 0.98,
    "ndcg_at_10": 0.99262,
    "ndcg_at_100": 0.99262,
    "ndcg_at_1000": 0.99262,
    "ndcg_at_20": 0.99262,
    "ndcg_at_3": 0.99262,
    "ndcg_at_5": 0.99262,
    "precision_at_1": 0.98,
    "precision_at_10": 0.1,
    "precision_at_100": 0.01,
    "precision_at_1000": 0.001,
    "precision_at_20": 0.05,
    "precision_at_3": 0.33333,
    "precision_at_5": 0.2,
    "recall_at_1": 0.98,
    "recall_at_10": 1.0,
    "recall_at_100": 1.0,
    "recall_at_1000": 1.0,
    "recall_at_20": 1.0,
    "recall_at_3": 1.0,
    "recall_at_5": 1.0
  },
  "test_8192": {
    "evaluation_time": 1.14,
    "map_at_1": 0.04,
    "map_at_10": 0.0485,
    "map_at_100": 0.07139,
    "map_at_1000": 0.07139,
    "map_at_20": 0.05447,
    "map_at_3": 0.04,
    "map_at_5": 0.044,
    "mrr_at_1": 0.04,
    "mrr_at_10": 0.04758,
    "mrr_at_100": 0.06922,
    "mrr_at_1000": 0.06922,
    "mrr_at_20": 0.0544,
    "mrr_at_3": 0.04,
    "mrr_at_5": 0.04,
    "ndcg_at_1": 0.04,
    "ndcg_at_10": 0.05983,
    "ndcg_at_100": 0.22434,
    "ndcg_at_1000": 0.22434,
    "ndcg_at_20": 0.0806,
    "ndcg_at_3": 0.04,
    "ndcg_at_5": 0.04774,
    "precision_at_1": 0.04,
    "precision_at_10": 0.01,
    "precision_at_100": 0.01,
    "precision_at_1000": 0.001,
    "precision_at_20": 0.009,
    "precision_at_3": 0.01333,
    "precision_at_5": 0.012,
    "recall_at_1": 0.04,
    "recall_at_10": 0.1,
    "recall_at_100": 1.0,
    "recall_at_1000": 1.0,
    "recall_at_20": 0.18,
    "recall_at_3": 0.04,
    "recall_at_5": 0.06
  }
}