{
  "dataset_revision": "6e346642246bfb4928c560ee08640dc84d074e8c",
  "mteb_dataset_name": "LEMBNeedleRetrieval",
  "mteb_version": "1.6.23",
  "test_1024": {
    "evaluation_time": 0.46,
    "map_at_1": 0.4,
    "map_at_10": 0.42,
    "map_at_100": 0.43382,
    "map_at_1000": 0.43382,
    "map_at_20": 0.42105,
    "map_at_3": 0.42,
    "map_at_5": 0.42,
    "mrr_at_1": 0.4,
    "mrr_at_10": 0.42,
    "mrr_at_100": 0.43579,
    "mrr_at_1000": 0.43579,
    "mrr_at_20": 0.42358,
    "mrr_at_3": 0.42,
    "mrr_at_5": 0.42,
    "ndcg_at_1": 0.4,
    "ndcg_at_10": 0.42524,
    "ndcg_at_100": 0.52832,
    "ndcg_at_1000": 0.52832,
    "ndcg_at_20": 0.42986,
    "ndcg_at_3": 0.42524,
    "ndcg_at_5": 0.42524,
    "precision_at_1": 0.4,
    "precision_at_10": 0.044,
    "precision_at_100": 0.01,
    "precision_at_1000": 0.001,
    "precision_at_20": 0.023,
    "precision_at_3": 0.14667,
    "precision_at_5": 0.088,
    "recall_at_1": 0.4,
    "recall_at_10": 0.44,
    "recall_at_100": 1.0,
    "recall_at_1000": 1.0,
    "recall_at_20": 0.46,
    "recall_at_3": 0.44,
    "recall_at_5": 0.44
  },
  "test_16384": {
    "evaluation_time": 2.52,
    "map_at_1": 0.0,
    "map_at_10": 0.02108,
    "map_at_100": 0.04392,
    "map_at_1000": 0.04392,
    "map_at_20": 0.02772,
    "map_at_3": 0.00667,
    "map_at_5": 0.01067,
    "mrr_at_1": 0.0,
    "mrr_at_10": 0.02627,
    "mrr_at_100": 0.04897,
    "mrr_at_1000": 0.04897,
    "mrr_at_20": 0.03332,
    "mrr_at_3": 0.01333,
    "mrr_at_5": 0.01833,
    "ndcg_at_1": 0.0,
    "ndcg_at_10": 0.04333,
    "ndcg_at_100": 0.20528,
    "ndcg_at_1000": 0.20528,
    "ndcg_at_20": 0.06826,
    "ndcg_at_3": 0.01,
    "ndcg_at_5": 0.01774,
    "precision_at_1": 0.0,
    "precision_at_10": 0.012,
    "precision_at_100": 0.01,
    "precision_at_1000": 0.001,
    "precision_at_20": 0.011,
    "precision_at_3": 0.00667,
    "precision_at_5": 0.008,
    "recall_at_1": 0.0,
    "recall_at_10": 0.12,
    "recall_at_100": 1.0,
    "recall_at_1000": 1.0,
    "recall_at_20": 0.22,
    "recall_at_3": 0.02,
    "recall_at_5": 0.04
  },
  "test_2048": {
    "evaluation_time": 0.51,
    "map_at_1": 0.2,
    "map_at_10": 0.2,
    "map_at_100": 0.22025,
    "map_at_1000": 0.22025,
    "map_at_20": 0.20404,
    "map_at_3": 0.2,
    "map_at_5": 0.2,
    "mrr_at_1": 0.2,
    "mrr_at_10": 0.20222,
    "mrr_at_100": 0.22359,
    "mrr_at_1000": 0.22359,
    "mrr_at_20": 0.20824,
    "mrr_at_3": 0.2,
    "mrr_at_5": 0.2,
    "ndcg_at_1": 0.2,
    "ndcg_at_10": 0.2,
    "ndcg_at_100": 0.34664,
    "ndcg_at_1000": 0.34664,
    "ndcg_at_20": 0.21504,
    "ndcg_at_3": 0.2,
    "ndcg_at_5": 0.2,
    "precision_at_1": 0.2,
    "precision_at_10": 0.02,
    "precision_at_100": 0.01,
    "precision_at_1000": 0.001,
    "precision_at_20": 0.013,
    "precision_at_3": 0.06667,
    "precision_at_5": 0.04,
    "recall_at_1": 0.2,
    "recall_at_10": 0.2,
    "recall_at_100": 1.0,
    "recall_at_1000": 1.0,
    "recall_at_20": 0.26,
    "recall_at_3": 0.2,
    "recall_at_5": 0.2
  },
  "test_256": {
    "evaluation_time": 2.09,
    "map_at_1": 0.84,
    "map_at_10": 0.91067,
    "map_at_100": 0.91067,
    "map_at_1000": 0.91067,
    "map_at_20": 0.91067,
    "map_at_3": 0.90667,
    "map_at_5": 0.91067,
    "mrr_at_1": 0.84,
    "mrr_at_10": 0.91067,
    "mrr_at_100": 0.91067,
    "mrr_at_1000": 0.91067,
    "mrr_at_20": 0.91067,
    "mrr_at_3": 0.90667,
    "mrr_at_5": 0.91067,
    "ndcg_at_1": 0.84,
    "ndcg_at_10": 0.93345,
    "ndcg_at_100": 0.93345,
    "ndcg_at_1000": 0.93345,
    "ndcg_at_20": 0.93345,
    "ndcg_at_3": 0.92571,
    "ndcg_at_5": 0.93345,
    "precision_at_1": 0.84,
    "precision_at_10": 0.1,
    "precision_at_100": 0.01,
    "precision_at_1000": 0.001,
    "precision_at_20": 0.05,
    "precision_at_3": 0.32667,
    "precision_at_5": 0.2,
    "recall_at_1": 0.84,
    "recall_at_10": 1.0,
    "recall_at_100": 1.0,
    "recall_at_1000": 1.0,
    "recall_at_20": 1.0,
    "recall_at_3": 0.98,
    "recall_at_5": 1.0
  },
  "test_32768": {
    "evaluation_time": 4.89,
    "map_at_1": 0.02,
    "map_at_10": 0.03383,
    "map_at_100": 0.05618,
    "map_at_1000": 0.05618,
    "map_at_20": 0.04101,
    "map_at_3": 0.02,
    "map_at_5": 0.024,
    "mrr_at_1": 0.02,
    "mrr_at_10": 0.03183,
    "mrr_at_100": 0.05559,
    "mrr_at_1000": 0.05559,
    "mrr_at_20": 0.04043,
    "mrr_at_3": 0.02,
    "mrr_at_5": 0.024,
    "ndcg_at_1": 0.02,
    "ndcg_at_10": 0.05273,
    "ndcg_at_100": 0.2131,
    "ndcg_at_1000": 0.2131,
    "ndcg_at_20": 0.07832,
    "ndcg_at_3": 0.02,
    "ndcg_at_5": 0.02774,
    "precision_at_1": 0.02,
    "precision_at_10": 0.012,
    "precision_at_100": 0.01,
    "precision_at_1000": 0.001,
    "precision_at_20": 0.011,
    "precision_at_3": 0.00667,
    "precision_at_5": 0.008,
    "recall_at_1": 0.02,
    "recall_at_10": 0.12,
    "recall_at_100": 1.0,
    "recall_at_1000": 1.0,
    "recall_at_20": 0.22,
    "recall_at_3": 0.02,
    "recall_at_5": 0.04
  },
  "test_4096": {
    "evaluation_time": 0.74,
    "map_at_1": 0.12,
    "map_at_10": 0.12,
    "map_at_100": 0.1438,
    "map_at_1000": 0.1438,
    "map_at_20": 0.13033,
    "map_at_3": 0.12,
    "map_at_5": 0.12,
    "mrr_at_1": 0.12,
    "mrr_at_10": 0.12222,
    "mrr_at_100": 0.14722,
    "mrr_at_1000": 0.14722,
    "mrr_at_20": 0.13431,
    "mrr_at_3": 0.12,
    "mrr_at_5": 0.12,
    "ndcg_at_1": 0.12,
    "ndcg_at_10": 0.12,
    "ndcg_at_100": 0.28289,
    "ndcg_at_1000": 0.28289,
    "ndcg_at_20": 0.15946,
    "ndcg_at_3": 0.12,
    "ndcg_at_5": 0.12,
    "precision_at_1": 0.12,
    "precision_at_10": 0.012,
    "precision_at_100": 0.01,
    "precision_at_1000": 0.001,
    "precision_at_20": 0.014,
    "precision_at_3": 0.04,
    "precision_at_5": 0.024,
    "recall_at_1": 0.12,
    "recall_at_10": 0.12,
    "recall_at_100": 1.0,
    "recall_at_1000": 1.0,
    "recall_at_20": 0.28,
    "recall_at_3": 0.12,
    "recall_at_5": 0.12
  },
  "test_512": {
    "evaluation_time": 0.34,
    "map_at_1": 0.7,
    "map_at_10": 0.83567,
    "map_at_100": 0.83567,
    "map_at_1000": 0.83567,
    "map_at_20": 0.83567,
    "map_at_3": 0.82667,
    "map_at_5": 0.83567,
    "mrr_at_1": 0.7,
    "mrr_at_10": 0.83567,
    "mrr_at_100": 0.83567,
    "mrr_at_1000": 0.83567,
    "mrr_at_20": 0.83567,
    "mrr_at_3": 0.82667,
    "mrr_at_5": 0.83567,
    "ndcg_at_1": 0.7,
    "ndcg_at_10": 0.87777,
    "ndcg_at_100": 0.87777,
    "ndcg_at_1000": 0.87777,
    "ndcg_at_20": 0.87777,
    "ndcg_at_3": 0.86142,
    "ndcg_at_5": 0.87777,
    "precision_at_1": 0.7,
    "precision_at_10": 0.1,
    "precision_at_100": 0.01,
    "precision_at_1000": 0.001,
    "precision_at_20": 0.05,
    "precision_at_3": 0.32,
    "precision_at_5": 0.2,
    "recall_at_1": 0.7,
    "recall_at_10": 1.0,
    "recall_at_100": 1.0,
    "recall_at_1000": 1.0,
    "recall_at_20": 1.0,
    "recall_at_3": 0.96,
    "recall_at_5": 1.0
  },
  "test_8192": {
    "evaluation_time": 1.25,
    "map_at_1": 0.04,
    "map_at_10": 0.04286,
    "map_at_100": 0.06646,
    "map_at_1000": 0.06646,
    "map_at_20": 0.04969,
    "map_at_3": 0.04,
    "map_at_5": 0.04,
    "mrr_at_1": 0.04,
    "mrr_at_10": 0.046,
    "mrr_at_100": 0.07017,
    "mrr_at_1000": 0.07017,
    "mrr_at_20": 0.05212,
    "mrr_at_3": 0.04,
    "mrr_at_5": 0.044,
    "ndcg_at_1": 0.04,
    "ndcg_at_10": 0.04667,
    "ndcg_at_100": 0.21786,
    "ndcg_at_1000": 0.21786,
    "ndcg_at_20": 0.07182,
    "ndcg_at_3": 0.04,
    "ndcg_at_5": 0.04,
    "precision_at_1": 0.04,
    "precision_at_10": 0.006,
    "precision_at_100": 0.01,
    "precision_at_1000": 0.001,
    "precision_at_20": 0.008,
    "precision_at_3": 0.01333,
    "precision_at_5": 0.008,
    "recall_at_1": 0.04,
    "recall_at_10": 0.06,
    "recall_at_100": 1.0,
    "recall_at_1000": 1.0,
    "recall_at_20": 0.16,
    "recall_at_3": 0.04,
    "recall_at_5": 0.04
  }
}