{
  "dataset_revision": "6e346642246bfb4928c560ee08640dc84d074e8c",
  "mteb_dataset_name": "LEMBQMSumRetrieval",
  "mteb_version": "1.6.23",
  "test": {
    "evaluation_time": 44.14,
    "map_at_1": 0.24231,
    "map_at_10": 0.3336,
    "map_at_100": 0.34755,
    "map_at_1000": 0.34791,
    "map_at_20": 0.341,
    "map_at_3": 0.30037,
    "map_at_5": 0.31547,
    "mrr_at_1": 0.24231,
    "mrr_at_10": 0.3336,
    "mrr_at_100": 0.34755,
    "mrr_at_1000": 0.34791,
    "mrr_at_20": 0.341,
    "mrr_at_3": 0.30037,
    "mrr_at_5": 0.31547,
    "ndcg_at_1": 0.24231,
    "ndcg_at_10": 0.39031,
    "ndcg_at_100": 0.46746,
    "ndcg_at_1000": 0.47357,
    "ndcg_at_20": 0.41729,
    "ndcg_at_3": 0.31942,
    "ndcg_at_5": 0.34692,
    "precision_at_1": 0.24231,
    "precision_at_10": 0.0575,
    "precision_at_100": 0.00958,
    "precision_at_1000": 0.001,
    "precision_at_20": 0.03409,
    "precision_at_3": 0.12486,
    "precision_at_5": 0.08841,
    "recall_at_1": 0.24231,
    "recall_at_10": 0.57498,
    "recall_at_100": 0.95809,
    "recall_at_1000": 1.0,
    "recall_at_20": 0.68173,
    "recall_at_3": 0.37459,
    "recall_at_5": 0.44204
  }
}