{
  "dataset_revision": "6e346642246bfb4928c560ee08640dc84d074e8c",
  "mteb_dataset_name": "LEMBNarrativeQARetrieval",
  "mteb_version": "1.6.23",
  "test": {
    "evaluation_time": 147.27,
    "map_at_1": 0.23237,
    "map_at_10": 0.28942,
    "map_at_100": 0.30053,
    "map_at_1000": 0.30189,
    "map_at_20": 0.29462,
    "map_at_3": 0.27011,
    "map_at_5": 0.28057,
    "mrr_at_1": 0.23237,
    "mrr_at_10": 0.28942,
    "mrr_at_100": 0.30053,
    "mrr_at_1000": 0.30189,
    "mrr_at_20": 0.29462,
    "mrr_at_3": 0.27011,
    "mrr_at_5": 0.28057,
    "ndcg_at_1": 0.23237,
    "ndcg_at_10": 0.32292,
    "ndcg_at_100": 0.38795,
    "ndcg_at_1000": 0.41975,
    "ndcg_at_20": 0.34194,
    "ndcg_at_3": 0.28253,
    "ndcg_at_5": 0.30144,
    "precision_at_1": 0.23237,
    "precision_at_10": 0.0431,
    "precision_at_100": 0.00761,
    "precision_at_1000": 0.001,
    "precision_at_20": 0.02532,
    "precision_at_3": 0.10617,
    "precision_at_5": 0.07291,
    "recall_at_1": 0.23237,
    "recall_at_10": 0.43105,
    "recall_at_100": 0.76132,
    "recall_at_1000": 1.0,
    "recall_at_20": 0.50646,
    "recall_at_3": 0.3185,
    "recall_at_5": 0.36453
  }
}