{
  "dataset_revision": "6e346642246bfb4928c560ee08640dc84d074e8c",
  "mteb_dataset_name": "LEMBNeedleRetrieval",
  "mteb_version": "1.6.23",
  "test_1024": {
    "evaluation_time": 2.04,
    "map_at_1": 0.76,
    "map_at_10": 0.85083,
    "map_at_100": 0.85083,
    "map_at_1000": 0.85083,
    "map_at_20": 0.85083,
    "map_at_3": 0.83333,
    "map_at_5": 0.84833,
    "mrr_at_1": 0.76,
    "mrr_at_10": 0.85083,
    "mrr_at_100": 0.85083,
    "mrr_at_1000": 0.85083,
    "mrr_at_20": 0.85083,
    "mrr_at_3": 0.83333,
    "mrr_at_5": 0.84833,
    "ndcg_at_1": 0.76,
    "ndcg_at_10": 0.88786,
    "ndcg_at_100": 0.88786,
    "ndcg_at_1000": 0.88786,
    "ndcg_at_20": 0.88786,
    "ndcg_at_3": 0.85571,
    "ndcg_at_5": 0.88155,
    "precision_at_1": 0.76,
    "precision_at_10": 0.1,
    "precision_at_100": 0.01,
    "precision_at_1000": 0.001,
    "precision_at_20": 0.05,
    "precision_at_3": 0.30667,
    "precision_at_5": 0.196,
    "recall_at_1": 0.76,
    "recall_at_10": 1.0,
    "recall_at_100": 1.0,
    "recall_at_1000": 1.0,
    "recall_at_20": 1.0,
    "recall_at_3": 0.92,
    "recall_at_5": 0.98
  },
  "test_16384": {
    "evaluation_time": 22.82,
    "map_at_1": 0.16,
    "map_at_10": 0.2,
    "map_at_100": 0.21701,
    "map_at_1000": 0.21701,
    "map_at_20": 0.20111,
    "map_at_3": 0.2,
    "map_at_5": 0.2,
    "mrr_at_1": 0.16,
    "mrr_at_10": 0.2,
    "mrr_at_100": 0.21398,
    "mrr_at_1000": 0.21398,
    "mrr_at_20": 0.2,
    "mrr_at_3": 0.2,
    "mrr_at_5": 0.2,
    "ndcg_at_1": 0.16,
    "ndcg_at_10": 0.21047,
    "ndcg_at_100": 0.34659,
    "ndcg_at_1000": 0.34659,
    "ndcg_at_20": 0.21518,
    "ndcg_at_3": 0.21047,
    "ndcg_at_5": 0.21047,
    "precision_at_1": 0.16,
    "precision_at_10": 0.024,
    "precision_at_100": 0.01,
    "precision_at_1000": 0.001,
    "precision_at_20": 0.013,
    "precision_at_3": 0.08,
    "precision_at_5": 0.048,
    "recall_at_1": 0.16,
    "recall_at_10": 0.24,
    "recall_at_100": 1.0,
    "recall_at_1000": 1.0,
    "recall_at_20": 0.26,
    "recall_at_3": 0.24,
    "recall_at_5": 0.24
  },
  "test_2048": {
    "evaluation_time": 5.52,
    "map_at_1": 0.62,
    "map_at_10": 0.75921,
    "map_at_100": 0.75921,
    "map_at_1000": 0.75921,
    "map_at_20": 0.75921,
    "map_at_3": 0.74,
    "map_at_5": 0.749,
    "mrr_at_1": 0.62,
    "mrr_at_10": 0.75921,
    "mrr_at_100": 0.75921,
    "mrr_at_1000": 0.75921,
    "mrr_at_20": 0.75921,
    "mrr_at_3": 0.74,
    "mrr_at_5": 0.749,
    "ndcg_at_1": 0.62,
    "ndcg_at_10": 0.81796,
    "ndcg_at_100": 0.81796,
    "ndcg_at_1000": 0.81796,
    "ndcg_at_20": 0.81796,
    "ndcg_at_3": 0.77619,
    "ndcg_at_5": 0.79254,
    "precision_at_1": 0.62,
    "precision_at_10": 0.1,
    "precision_at_100": 0.01,
    "precision_at_1000": 0.001,
    "precision_at_20": 0.05,
    "precision_at_3": 0.29333,
    "precision_at_5": 0.184,
    "recall_at_1": 0.62,
    "recall_at_10": 1.0,
    "recall_at_100": 1.0,
    "recall_at_1000": 1.0,
    "recall_at_20": 1.0,
    "recall_at_3": 0.88,
    "recall_at_5": 0.92
  },
  "test_256": {
    "evaluation_time": 2.27,
    "map_at_1": 0.9,
    "map_at_10": 0.95,
    "map_at_100": 0.95,
    "map_at_1000": 0.95,
    "map_at_20": 0.95,
    "map_at_3": 0.95,
    "map_at_5": 0.95,
    "mrr_at_1": 0.9,
    "mrr_at_10": 0.95,
    "mrr_at_100": 0.95,
    "mrr_at_1000": 0.95,
    "mrr_at_20": 0.95,
    "mrr_at_3": 0.95,
    "mrr_at_5": 0.95,
    "ndcg_at_1": 0.9,
    "ndcg_at_10": 0.96309,
    "ndcg_at_100": 0.96309,
    "ndcg_at_1000": 0.96309,
    "ndcg_at_20": 0.96309,
    "ndcg_at_3": 0.96309,
    "ndcg_at_5": 0.96309,
    "precision_at_1": 0.9,
    "precision_at_10": 0.1,
    "precision_at_100": 0.01,
    "precision_at_1000": 0.001,
    "precision_at_20": 0.05,
    "precision_at_3": 0.33333,
    "precision_at_5": 0.2,
    "recall_at_1": 0.9,
    "recall_at_10": 1.0,
    "recall_at_100": 1.0,
    "recall_at_1000": 1.0,
    "recall_at_20": 1.0,
    "recall_at_3": 1.0,
    "recall_at_5": 1.0
  },
  "test_32768": {
    "evaluation_time": 26.3,
    "map_at_1": 0.06,
    "map_at_10": 0.06333,
    "map_at_100": 0.08793,
    "map_at_1000": 0.08793,
    "map_at_20": 0.07291,
    "map_at_3": 0.06,
    "map_at_5": 0.06,
    "mrr_at_1": 0.06,
    "mrr_at_10": 0.067,
    "mrr_at_100": 0.08862,
    "mrr_at_1000": 0.08862,
    "mrr_at_20": 0.06972,
    "mrr_at_3": 0.06,
    "mrr_at_5": 0.06,
    "ndcg_at_1": 0.06,
    "ndcg_at_10": 0.06712,
    "ndcg_at_100": 0.23684,
    "ndcg_at_1000": 0.23684,
    "ndcg_at_20": 0.10235,
    "ndcg_at_3": 0.06,
    "ndcg_at_5": 0.06,
    "precision_at_1": 0.06,
    "precision_at_10": 0.008,
    "precision_at_100": 0.01,
    "precision_at_1000": 0.001,
    "precision_at_20": 0.011,
    "precision_at_3": 0.02,
    "precision_at_5": 0.012,
    "recall_at_1": 0.06,
    "recall_at_10": 0.08,
    "recall_at_100": 1.0,
    "recall_at_1000": 1.0,
    "recall_at_20": 0.22,
    "recall_at_3": 0.06,
    "recall_at_5": 0.06
  },
  "test_4096": {
    "evaluation_time": 17.82,
    "map_at_1": 0.68,
    "map_at_10": 0.78071,
    "map_at_100": 0.78136,
    "map_at_1000": 0.78136,
    "map_at_20": 0.78071,
    "map_at_3": 0.75667,
    "map_at_5": 0.77167,
    "mrr_at_1": 0.68,
    "mrr_at_10": 0.78071,
    "mrr_at_100": 0.78136,
    "mrr_at_1000": 0.78136,
    "mrr_at_20": 0.78071,
    "mrr_at_3": 0.75667,
    "mrr_at_5": 0.77167,
    "ndcg_at_1": 0.68,
    "ndcg_at_10": 0.82939,
    "ndcg_at_100": 0.83339,
    "ndcg_at_1000": 0.83339,
    "ndcg_at_20": 0.82939,
    "ndcg_at_3": 0.78309,
    "ndcg_at_5": 0.80893,
    "precision_at_1": 0.68,
    "precision_at_10": 0.098,
    "precision_at_100": 0.01,
    "precision_at_1000": 0.001,
    "precision_at_20": 0.049,
    "precision_at_3": 0.28667,
    "precision_at_5": 0.184,
    "recall_at_1": 0.68,
    "recall_at_10": 0.98,
    "recall_at_100": 1.0,
    "recall_at_1000": 1.0,
    "recall_at_20": 0.98,
    "recall_at_3": 0.86,
    "recall_at_5": 0.92
  },
  "test_512": {
    "evaluation_time": 0.7,
    "map_at_1": 0.82,
    "map_at_10": 0.90067,
    "map_at_100": 0.90067,
    "map_at_1000": 0.90067,
    "map_at_20": 0.90067,
    "map_at_3": 0.89667,
    "map_at_5": 0.90067,
    "mrr_at_1": 0.82,
    "mrr_at_10": 0.90067,
    "mrr_at_100": 0.90067,
    "mrr_at_1000": 0.90067,
    "mrr_at_20": 0.90067,
    "mrr_at_3": 0.89667,
    "mrr_at_5": 0.90067,
    "ndcg_at_1": 0.82,
    "ndcg_at_10": 0.92607,
    "ndcg_at_100": 0.92607,
    "ndcg_at_1000": 0.92607,
    "ndcg_at_20": 0.92607,
    "ndcg_at_3": 0.91833,
    "ndcg_at_5": 0.92607,
    "precision_at_1": 0.82,
    "precision_at_10": 0.1,
    "precision_at_100": 0.01,
    "precision_at_1000": 0.001,
    "precision_at_20": 0.05,
    "precision_at_3": 0.32667,
    "precision_at_5": 0.2,
    "recall_at_1": 0.82,
    "recall_at_10": 1.0,
    "recall_at_100": 1.0,
    "recall_at_1000": 1.0,
    "recall_at_20": 1.0,
    "recall_at_3": 0.98,
    "recall_at_5": 1.0
  },
  "test_8192": {
    "evaluation_time": 21.81,
    "map_at_1": 0.28,
    "map_at_10": 0.33433,
    "map_at_100": 0.34364,
    "map_at_1000": 0.34364,
    "map_at_20": 0.33433,
    "map_at_3": 0.32333,
    "map_at_5": 0.33233,
    "mrr_at_1": 0.28,
    "mrr_at_10": 0.33433,
    "mrr_at_100": 0.34409,
    "mrr_at_1000": 0.34409,
    "mrr_at_20": 0.33433,
    "mrr_at_3": 0.32333,
    "mrr_at_5": 0.33233,
    "ndcg_at_1": 0.28,
    "ndcg_at_10": 0.35999,
    "ndcg_at_100": 0.45365,
    "ndcg_at_1000": 0.45365,
    "ndcg_at_20": 0.35999,
    "ndcg_at_3": 0.33786,
    "ndcg_at_5": 0.35421,
    "precision_at_1": 0.28,
    "precision_at_10": 0.044,
    "precision_at_100": 0.01,
    "precision_at_1000": 0.001,
    "precision_at_20": 0.022,
    "precision_at_3": 0.12667,
    "precision_at_5": 0.084,
    "recall_at_1": 0.28,
    "recall_at_10": 0.44,
    "recall_at_100": 1.0,
    "recall_at_1000": 1.0,
    "recall_at_20": 0.44,
    "recall_at_3": 0.38,
    "recall_at_5": 0.42
  }
}