{
  "dataset_revision": "6e346642246bfb4928c560ee08640dc84d074e8c",
  "mteb_dataset_name": "LEMBSummScreenFDRetrieval",
  "mteb_version": "1.6.23",
  "validation": {
    "evaluation_time": 70.78,
    "map_at_1": 0.83631,
    "map_at_10": 0.89507,
    "map_at_100": 0.89538,
    "map_at_1000": 0.89538,
    "map_at_20": 0.89527,
    "map_at_3": 0.88542,
    "map_at_5": 0.89286,
    "mrr_at_1": 0.83631,
    "mrr_at_10": 0.89507,
    "mrr_at_100": 0.89538,
    "mrr_at_1000": 0.89538,
    "mrr_at_20": 0.89527,
    "mrr_at_3": 0.88542,
    "mrr_at_5": 0.89286,
    "ndcg_at_1": 0.83631,
    "ndcg_at_10": 0.91889,
    "ndcg_at_100": 0.92066,
    "ndcg_at_1000": 0.92066,
    "ndcg_at_20": 0.91964,
    "ndcg_at_3": 0.9004,
    "ndcg_at_5": 0.91385,
    "precision_at_1": 0.83631,
    "precision_at_10": 0.09911,
    "precision_at_100": 0.01,
    "precision_at_1000": 0.001,
    "precision_at_20": 0.0497,
    "precision_at_3": 0.31448,
    "precision_at_5": 0.19524,
    "recall_at_1": 0.83631,
    "recall_at_10": 0.99107,
    "recall_at_100": 1.0,
    "recall_at_1000": 1.0,
    "recall_at_20": 0.99405,
    "recall_at_3": 0.94345,
    "recall_at_5": 0.97619
  }
}