{
  "dataset_revision": "6e346642246bfb4928c560ee08640dc84d074e8c",
  "mteb_dataset_name": "LEMBWikimQARetrieval",
  "mteb_version": "1.6.23",
  "test": {
    "evaluation_time": 60.85,
    "map_at_1": 0.64667,
    "map_at_10": 0.70846,
    "map_at_100": 0.71225,
    "map_at_1000": 0.7124,
    "map_at_20": 0.70999,
    "map_at_3": 0.685,
    "map_at_5": 0.69967,
    "mrr_at_1": 0.64667,
    "mrr_at_10": 0.70846,
    "mrr_at_100": 0.71225,
    "mrr_at_1000": 0.7124,
    "mrr_at_20": 0.70999,
    "mrr_at_3": 0.685,
    "mrr_at_5": 0.69967,
    "ndcg_at_1": 0.64667,
    "ndcg_at_10": 0.74661,
    "ndcg_at_100": 0.76799,
    "ndcg_at_1000": 0.77117,
    "ndcg_at_20": 0.75184,
    "ndcg_at_3": 0.69821,
    "ndcg_at_5": 0.72517,
    "precision_at_1": 0.64667,
    "precision_at_10": 0.087,
    "precision_at_100": 0.00977,
    "precision_at_1000": 0.001,
    "precision_at_20": 0.0445,
    "precision_at_3": 0.24556,
    "precision_at_5": 0.16067,
    "recall_at_1": 0.64667,
    "recall_at_10": 0.87,
    "recall_at_100": 0.97667,
    "recall_at_1000": 1.0,
    "recall_at_20": 0.89,
    "recall_at_3": 0.73667,
    "recall_at_5": 0.80333
  }
}