{
  "dataset_revision": "6e346642246bfb4928c560ee08640dc84d074e8c",
  "mteb_dataset_name": "LEMBNeedleRetrieval",
  "mteb_version": "1.6.23",
  "test_1024": {
    "evaluation_time": 1.64,
    "map_at_1": 0.64,
    "map_at_10": 0.74867,
    "map_at_100": 0.75167,
    "map_at_1000": 0.75167,
    "map_at_20": 0.75167,
    "map_at_3": 0.72,
    "map_at_5": 0.74,
    "mrr_at_1": 0.64,
    "mrr_at_10": 0.74867,
    "mrr_at_100": 0.75167,
    "mrr_at_1000": 0.75167,
    "mrr_at_20": 0.75167,
    "mrr_at_3": 0.72,
    "mrr_at_5": 0.74,
    "ndcg_at_1": 0.64,
    "ndcg_at_10": 0.8002,
    "ndcg_at_100": 0.8106,
    "ndcg_at_1000": 0.8106,
    "ndcg_at_20": 0.8106,
    "ndcg_at_3": 0.74571,
    "ndcg_at_5": 0.78017,
    "precision_at_1": 0.64,
    "precision_at_10": 0.096,
    "precision_at_100": 0.01,
    "precision_at_1000": 0.001,
    "precision_at_20": 0.05,
    "precision_at_3": 0.27333,
    "precision_at_5": 0.18,
    "recall_at_1": 0.64,
    "recall_at_10": 0.96,
    "recall_at_100": 1.0,
    "recall_at_1000": 1.0,
    "recall_at_20": 1.0,
    "recall_at_3": 0.82,
    "recall_at_5": 0.9
  },
  "test_16384": {
    "evaluation_time": 57.11,
    "map_at_1": 0.2,
    "map_at_10": 0.26797,
    "map_at_100": 0.28213,
    "map_at_1000": 0.28213,
    "map_at_20": 0.27104,
    "map_at_3": 0.25667,
    "map_at_5": 0.26067,
    "mrr_at_1": 0.2,
    "mrr_at_10": 0.26797,
    "mrr_at_100": 0.28312,
    "mrr_at_1000": 0.28312,
    "mrr_at_20": 0.27237,
    "mrr_at_3": 0.25667,
    "mrr_at_5": 0.26067,
    "ndcg_at_1": 0.2,
    "ndcg_at_10": 0.3043,
    "ndcg_at_100": 0.40979,
    "ndcg_at_1000": 0.40979,
    "ndcg_at_20": 0.31477,
    "ndcg_at_3": 0.27786,
    "ndcg_at_5": 0.28559,
    "precision_at_1": 0.2,
    "precision_at_10": 0.042,
    "precision_at_100": 0.01,
    "precision_at_1000": 0.001,
    "precision_at_20": 0.023,
    "precision_at_3": 0.11333,
    "precision_at_5": 0.072,
    "recall_at_1": 0.2,
    "recall_at_10": 0.42,
    "recall_at_100": 1.0,
    "recall_at_1000": 1.0,
    "recall_at_20": 0.46,
    "recall_at_3": 0.34,
    "recall_at_5": 0.36
  },
  "test_2048": {
    "evaluation_time": 5.32,
    "map_at_1": 0.28,
    "map_at_10": 0.43502,
    "map_at_100": 0.44599,
    "map_at_1000": 0.44599,
    "map_at_20": 0.44599,
    "map_at_3": 0.36333,
    "map_at_5": 0.40933,
    "mrr_at_1": 0.28,
    "mrr_at_10": 0.43502,
    "mrr_at_100": 0.44599,
    "mrr_at_1000": 0.44599,
    "mrr_at_20": 0.44599,
    "mrr_at_3": 0.36333,
    "mrr_at_5": 0.40933,
    "ndcg_at_1": 0.28,
    "ndcg_at_10": 0.53559,
    "ndcg_at_100": 0.57251,
    "ndcg_at_1000": 0.57251,
    "ndcg_at_20": 0.57251,
    "ndcg_at_3": 0.39309,
    "ndcg_at_5": 0.47572,
    "precision_at_1": 0.28,
    "precision_at_10": 0.086,
    "precision_at_100": 0.01,
    "precision_at_1000": 0.001,
    "precision_at_20": 0.05,
    "precision_at_3": 0.16,
    "precision_at_5": 0.136,
    "recall_at_1": 0.28,
    "recall_at_10": 0.86,
    "recall_at_100": 1.0,
    "recall_at_1000": 1.0,
    "recall_at_20": 1.0,
    "recall_at_3": 0.48,
    "recall_at_5": 0.68
  },
  "test_256": {
    "evaluation_time": 2.68,
    "map_at_1": 0.86,
    "map_at_10": 0.92167,
    "map_at_100": 0.92167,
    "map_at_1000": 0.92167,
    "map_at_20": 0.92167,
    "map_at_3": 0.91667,
    "map_at_5": 0.92167,
    "mrr_at_1": 0.86,
    "mrr_at_10": 0.92167,
    "mrr_at_100": 0.92167,
    "mrr_at_1000": 0.92167,
    "mrr_at_20": 0.92167,
    "mrr_at_3": 0.91667,
    "mrr_at_5": 0.92167,
    "ndcg_at_1": 0.86,
    "ndcg_at_10": 0.94171,
    "ndcg_at_100": 0.94171,
    "ndcg_at_1000": 0.94171,
    "ndcg_at_20": 0.94171,
    "ndcg_at_3": 0.93309,
    "ndcg_at_5": 0.94171,
    "precision_at_1": 0.86,
    "precision_at_10": 0.1,
    "precision_at_100": 0.01,
    "precision_at_1000": 0.001,
    "precision_at_20": 0.05,
    "precision_at_3": 0.32667,
    "precision_at_5": 0.2,
    "recall_at_1": 0.86,
    "recall_at_10": 1.0,
    "recall_at_100": 1.0,
    "recall_at_1000": 1.0,
    "recall_at_20": 1.0,
    "recall_at_3": 0.98,
    "recall_at_5": 1.0
  },
  "test_32768": {
    "evaluation_time": 60.12,
    "map_at_1": 0.1,
    "map_at_10": 0.11533,
    "map_at_100": 0.13664,
    "map_at_1000": 0.13664,
    "map_at_20": 0.1216,
    "map_at_3": 0.11,
    "map_at_5": 0.11,
    "mrr_at_1": 0.1,
    "mrr_at_10": 0.11333,
    "mrr_at_100": 0.13707,
    "mrr_at_1000": 0.13707,
    "mrr_at_20": 0.12047,
    "mrr_at_3": 0.11,
    "mrr_at_5": 0.11,
    "ndcg_at_1": 0.1,
    "ndcg_at_10": 0.12552,
    "ndcg_at_100": 0.27924,
    "ndcg_at_1000": 0.27924,
    "ndcg_at_20": 0.14998,
    "ndcg_at_3": 0.11262,
    "ndcg_at_5": 0.11262,
    "precision_at_1": 0.1,
    "precision_at_10": 0.016,
    "precision_at_100": 0.01,
    "precision_at_1000": 0.001,
    "precision_at_20": 0.013,
    "precision_at_3": 0.04,
    "precision_at_5": 0.024,
    "recall_at_1": 0.1,
    "recall_at_10": 0.16,
    "recall_at_100": 1.0,
    "recall_at_1000": 1.0,
    "recall_at_20": 0.26,
    "recall_at_3": 0.12,
    "recall_at_5": 0.12
  },
  "test_4096": {
    "evaluation_time": 16.13,
    "map_at_1": 0.28,
    "map_at_10": 0.42856,
    "map_at_100": 0.44183,
    "map_at_1000": 0.44183,
    "map_at_20": 0.43902,
    "map_at_3": 0.39667,
    "map_at_5": 0.41467,
    "mrr_at_1": 0.28,
    "mrr_at_10": 0.42856,
    "mrr_at_100": 0.44183,
    "mrr_at_1000": 0.44183,
    "mrr_at_20": 0.43902,
    "mrr_at_3": 0.39667,
    "mrr_at_5": 0.41467,
    "ndcg_at_1": 0.28,
    "ndcg_at_10": 0.49916,
    "ndcg_at_100": 0.56049,
    "ndcg_at_1000": 0.56049,
    "ndcg_at_20": 0.53883,
    "ndcg_at_3": 0.43357,
    "ndcg_at_5": 0.46627,
    "precision_at_1": 0.28,
    "precision_at_10": 0.072,
    "precision_at_100": 0.01,
    "precision_at_1000": 0.001,
    "precision_at_20": 0.044,
    "precision_at_3": 0.18,
    "precision_at_5": 0.124,
    "recall_at_1": 0.28,
    "recall_at_10": 0.72,
    "recall_at_100": 1.0,
    "recall_at_1000": 1.0,
    "recall_at_20": 0.88,
    "recall_at_3": 0.54,
    "recall_at_5": 0.62
  },
  "test_512": {
    "evaluation_time": 0.73,
    "map_at_1": 0.7,
    "map_at_10": 0.79367,
    "map_at_100": 0.79367,
    "map_at_1000": 0.79367,
    "map_at_20": 0.79367,
    "map_at_3": 0.76667,
    "map_at_5": 0.79367,
    "mrr_at_1": 0.7,
    "mrr_at_10": 0.79367,
    "mrr_at_100": 0.79367,
    "mrr_at_1000": 0.79367,
    "mrr_at_20": 0.79367,
    "mrr_at_3": 0.76667,
    "mrr_at_5": 0.79367,
    "ndcg_at_1": 0.7,
    "ndcg_at_10": 0.84429,
    "ndcg_at_100": 0.84429,
    "ndcg_at_1000": 0.84429,
    "ndcg_at_20": 0.84429,
    "ndcg_at_3": 0.79524,
    "ndcg_at_5": 0.84429,
    "precision_at_1": 0.7,
    "precision_at_10": 0.1,
    "precision_at_100": 0.01,
    "precision_at_1000": 0.001,
    "precision_at_20": 0.05,
    "precision_at_3": 0.29333,
    "precision_at_5": 0.2,
    "recall_at_1": 0.7,
    "recall_at_10": 1.0,
    "recall_at_100": 1.0,
    "recall_at_1000": 1.0,
    "recall_at_20": 1.0,
    "recall_at_3": 0.88,
    "recall_at_5": 1.0
  },
  "test_8192": {
    "evaluation_time": 55.47,
    "map_at_1": 0.16,
    "map_at_10": 0.2315,
    "map_at_100": 0.25594,
    "map_at_1000": 0.25594,
    "map_at_20": 0.24365,
    "map_at_3": 0.22,
    "map_at_5": 0.224,
    "mrr_at_1": 0.16,
    "mrr_at_10": 0.2315,
    "mrr_at_100": 0.25596,
    "mrr_at_1000": 0.25596,
    "mrr_at_20": 0.24365,
    "mrr_at_3": 0.22,
    "mrr_at_5": 0.224,
    "ndcg_at_1": 0.16,
    "ndcg_at_10": 0.26238,
    "ndcg_at_100": 0.39326,
    "ndcg_at_1000": 0.39326,
    "ndcg_at_20": 0.30415,
    "ndcg_at_3": 0.23571,
    "ndcg_at_5": 0.24345,
    "precision_at_1": 0.16,
    "precision_at_10": 0.036,
    "precision_at_100": 0.01,
    "precision_at_1000": 0.001,
    "precision_at_20": 0.026,
    "precision_at_3": 0.09333,
    "precision_at_5": 0.06,
    "recall_at_1": 0.16,
    "recall_at_10": 0.36,
    "recall_at_100": 1.0,
    "recall_at_1000": 1.0,
    "recall_at_20": 0.52,
    "recall_at_3": 0.28,
    "recall_at_5": 0.3
  }
}