{
  "dataset_revision": "6e346642246bfb4928c560ee08640dc84d074e8c",
  "mteb_dataset_name": "LEMBQMSumRetrieval",
  "mteb_version": "1.6.23",
  "test": {
    "evaluation_time": 108.14,
    "map_at_1": 0.21938,
    "map_at_10": 0.30492,
    "map_at_100": 0.32096,
    "map_at_1000": 0.32131,
    "map_at_20": 0.31308,
    "map_at_3": 0.27559,
    "map_at_5": 0.29167,
    "mrr_at_1": 0.21938,
    "mrr_at_10": 0.30492,
    "mrr_at_100": 0.32096,
    "mrr_at_1000": 0.32131,
    "mrr_at_20": 0.31308,
    "mrr_at_3": 0.27559,
    "mrr_at_5": 0.29167,
    "ndcg_at_1": 0.21938,
    "ndcg_at_10": 0.35543,
    "ndcg_at_100": 0.44425,
    "ndcg_at_1000": 0.45024,
    "ndcg_at_20": 0.38563,
    "ndcg_at_3": 0.29411,
    "ndcg_at_5": 0.32302,
    "precision_at_1": 0.21938,
    "precision_at_10": 0.05187,
    "precision_at_100": 0.00959,
    "precision_at_1000": 0.001,
    "precision_at_20": 0.03196,
    "precision_at_3": 0.11591,
    "precision_at_5": 0.08356,
    "recall_at_1": 0.21938,
    "recall_at_10": 0.51866,
    "recall_at_100": 0.95874,
    "recall_at_1000": 1.0,
    "recall_at_20": 0.63916,
    "recall_at_3": 0.34774,
    "recall_at_5": 0.41781
  }
}