{
  "dataset_revision": "6e346642246bfb4928c560ee08640dc84d074e8c",
  "mteb_dataset_name": "LEMBWikimQARetrieval",
  "mteb_version": "1.6.23",
  "test": {
    "evaluation_time": 133.5,
    "map_at_1": 0.68667,
    "map_at_10": 0.74423,
    "map_at_100": 0.74841,
    "map_at_1000": 0.74855,
    "map_at_20": 0.74729,
    "map_at_3": 0.72389,
    "map_at_5": 0.73739,
    "mrr_at_1": 0.68667,
    "mrr_at_10": 0.74423,
    "mrr_at_100": 0.74841,
    "mrr_at_1000": 0.74855,
    "mrr_at_20": 0.74729,
    "mrr_at_3": 0.72389,
    "mrr_at_5": 0.73739,
    "ndcg_at_1": 0.68667,
    "ndcg_at_10": 0.77726,
    "ndcg_at_100": 0.79726,
    "ndcg_at_1000": 0.80043,
    "ndcg_at_20": 0.78826,
    "ndcg_at_3": 0.73575,
    "ndcg_at_5": 0.76028,
    "precision_at_1": 0.68667,
    "precision_at_10": 0.08833,
    "precision_at_100": 0.00977,
    "precision_at_1000": 0.001,
    "precision_at_20": 0.04633,
    "precision_at_3": 0.25667,
    "precision_at_5": 0.166,
    "recall_at_1": 0.68667,
    "recall_at_10": 0.88333,
    "recall_at_100": 0.97667,
    "recall_at_1000": 1.0,
    "recall_at_20": 0.92667,
    "recall_at_3": 0.77,
    "recall_at_5": 0.83
  }
}