{
  "dataset_revision": "6e346642246bfb4928c560ee08640dc84d074e8c",
  "mteb_dataset_name": "LEMBPasskeyRetrieval",
  "mteb_version": "1.6.23",
  "test_1024": {
    "evaluation_time": 1.6,
    "map_at_1": 0.98,
    "map_at_10": 0.99,
    "map_at_100": 0.99,
    "map_at_1000": 0.99,
    "map_at_20": 0.99,
    "map_at_3": 0.99,
    "map_at_5": 0.99,
    "mrr_at_1": 0.98,
    "mrr_at_10": 0.99,
    "mrr_at_100": 0.99,
    "mrr_at_1000": 0.99,
    "mrr_at_20": 0.99,
    "mrr_at_3": 0.99,
    "mrr_at_5": 0.99,
    "ndcg_at_1": 0.98,
    "ndcg_at_10": 0.99262,
    "ndcg_at_100": 0.99262,
    "ndcg_at_1000": 0.99262,
    "ndcg_at_20": 0.99262,
    "ndcg_at_3": 0.99262,
    "ndcg_at_5": 0.99262,
    "precision_at_1": 0.98,
    "precision_at_10": 0.1,
    "precision_at_100": 0.01,
    "precision_at_1000": 0.001,
    "precision_at_20": 0.05,
    "precision_at_3": 0.33333,
    "precision_at_5": 0.2,
    "recall_at_1": 0.98,
    "recall_at_10": 1.0,
    "recall_at_100": 1.0,
    "recall_at_1000": 1.0,
    "recall_at_20": 1.0,
    "recall_at_3": 1.0,
    "recall_at_5": 1.0
  },
  "test_16384": {
    "evaluation_time": 57.16,
    "map_at_1": 0.16,
    "map_at_10": 0.17286,
    "map_at_100": 0.19497,
    "map_at_1000": 0.19497,
    "map_at_20": 0.1839,
    "map_at_3": 0.17,
    "map_at_5": 0.17,
    "mrr_at_1": 0.16,
    "mrr_at_10": 0.17286,
    "mrr_at_100": 0.19466,
    "mrr_at_1000": 0.19466,
    "mrr_at_20": 0.1839,
    "mrr_at_3": 0.17,
    "mrr_at_5": 0.17,
    "ndcg_at_1": 0.16,
    "ndcg_at_10": 0.17929,
    "ndcg_at_100": 0.32835,
    "ndcg_at_1000": 0.32835,
    "ndcg_at_20": 0.22297,
    "ndcg_at_3": 0.17262,
    "ndcg_at_5": 0.17262,
    "precision_at_1": 0.16,
    "precision_at_10": 0.02,
    "precision_at_100": 0.01,
    "precision_at_1000": 0.001,
    "precision_at_20": 0.019,
    "precision_at_3": 0.06,
    "precision_at_5": 0.036,
    "recall_at_1": 0.16,
    "recall_at_10": 0.2,
    "recall_at_100": 1.0,
    "recall_at_1000": 1.0,
    "recall_at_20": 0.38,
    "recall_at_3": 0.18,
    "recall_at_5": 0.18
  },
  "test_2048": {
    "evaluation_time": 5.04,
    "map_at_1": 0.8,
    "map_at_10": 0.83956,
    "map_at_100": 0.84253,
    "map_at_1000": 0.84253,
    "map_at_20": 0.84161,
    "map_at_3": 0.83333,
    "map_at_5": 0.83733,
    "mrr_at_1": 0.8,
    "mrr_at_10": 0.83956,
    "mrr_at_100": 0.84253,
    "mrr_at_1000": 0.84253,
    "mrr_at_20": 0.84161,
    "mrr_at_3": 0.83333,
    "mrr_at_5": 0.83733,
    "ndcg_at_1": 0.8,
    "ndcg_at_10": 0.85899,
    "ndcg_at_100": 0.87549,
    "ndcg_at_1000": 0.87549,
    "ndcg_at_20": 0.86818,
    "ndcg_at_3": 0.84524,
    "ndcg_at_5": 0.85297,
    "precision_at_1": 0.8,
    "precision_at_10": 0.092,
    "precision_at_100": 0.01,
    "precision_at_1000": 0.001,
    "precision_at_20": 0.048,
    "precision_at_3": 0.29333,
    "precision_at_5": 0.18,
    "recall_at_1": 0.8,
    "recall_at_10": 0.92,
    "recall_at_100": 1.0,
    "recall_at_1000": 1.0,
    "recall_at_20": 0.96,
    "recall_at_3": 0.88,
    "recall_at_5": 0.9
  },
  "test_256": {
    "evaluation_time": 0.58,
    "map_at_1": 1.0,
    "map_at_10": 1.0,
    "map_at_100": 1.0,
    "map_at_1000": 1.0,
    "map_at_20": 1.0,
    "map_at_3": 1.0,
    "map_at_5": 1.0,
    "mrr_at_1": 1.0,
    "mrr_at_10": 1.0,
    "mrr_at_100": 1.0,
    "mrr_at_1000": 1.0,
    "mrr_at_20": 1.0,
    "mrr_at_3": 1.0,
    "mrr_at_5": 1.0,
    "ndcg_at_1": 1.0,
    "ndcg_at_10": 1.0,
    "ndcg_at_100": 1.0,
    "ndcg_at_1000": 1.0,
    "ndcg_at_20": 1.0,
    "ndcg_at_3": 1.0,
    "ndcg_at_5": 1.0,
    "precision_at_1": 1.0,
    "precision_at_10": 0.1,
    "precision_at_100": 0.01,
    "precision_at_1000": 0.001,
    "precision_at_20": 0.05,
    "precision_at_3": 0.33333,
    "precision_at_5": 0.2,
    "recall_at_1": 1.0,
    "recall_at_10": 1.0,
    "recall_at_100": 1.0,
    "recall_at_1000": 1.0,
    "recall_at_20": 1.0,
    "recall_at_3": 1.0,
    "recall_at_5": 1.0
  },
  "test_32768": {
    "evaluation_time": 59.9,
    "map_at_1": 0.14,
    "map_at_10": 0.16019,
    "map_at_100": 0.178,
    "map_at_1000": 0.178,
    "map_at_20": 0.16286,
    "map_at_3": 0.15,
    "map_at_5": 0.154,
    "mrr_at_1": 0.14,
    "mrr_at_10": 0.16019,
    "mrr_at_100": 0.17619,
    "mrr_at_1000": 0.17619,
    "mrr_at_20": 0.16286,
    "mrr_at_3": 0.15,
    "mrr_at_5": 0.154,
    "ndcg_at_1": 0.14,
    "ndcg_at_10": 0.17415,
    "ndcg_at_100": 0.31372,
    "ndcg_at_1000": 0.31372,
    "ndcg_at_20": 0.18415,
    "ndcg_at_3": 0.15262,
    "ndcg_at_5": 0.16036,
    "precision_at_1": 0.14,
    "precision_at_10": 0.022,
    "precision_at_100": 0.01,
    "precision_at_1000": 0.001,
    "precision_at_20": 0.013,
    "precision_at_3": 0.05333,
    "precision_at_5": 0.036,
    "recall_at_1": 0.14,
    "recall_at_10": 0.22,
    "recall_at_100": 1.0,
    "recall_at_1000": 1.0,
    "recall_at_20": 0.26,
    "recall_at_3": 0.16,
    "recall_at_5": 0.18
  },
  "test_4096": {
    "evaluation_time": 16.33,
    "map_at_1": 0.28,
    "map_at_10": 0.38139,
    "map_at_100": 0.39554,
    "map_at_1000": 0.39554,
    "map_at_20": 0.38975,
    "map_at_3": 0.35667,
    "map_at_5": 0.36467,
    "mrr_at_1": 0.28,
    "mrr_at_10": 0.38139,
    "mrr_at_100": 0.39554,
    "mrr_at_1000": 0.39554,
    "mrr_at_20": 0.38975,
    "mrr_at_3": 0.35667,
    "mrr_at_5": 0.36467,
    "ndcg_at_1": 0.28,
    "ndcg_at_10": 0.43805,
    "ndcg_at_100": 0.51494,
    "ndcg_at_1000": 0.51494,
    "ndcg_at_20": 0.46847,
    "ndcg_at_3": 0.38309,
    "ndcg_at_5": 0.39857,
    "precision_at_1": 0.28,
    "precision_at_10": 0.062,
    "precision_at_100": 0.01,
    "precision_at_1000": 0.001,
    "precision_at_20": 0.037,
    "precision_at_3": 0.15333,
    "precision_at_5": 0.1,
    "recall_at_1": 0.28,
    "recall_at_10": 0.62,
    "recall_at_100": 1.0,
    "recall_at_1000": 1.0,
    "recall_at_20": 0.74,
    "recall_at_3": 0.46,
    "recall_at_5": 0.5
  },
  "test_512": {
    "evaluation_time": 0.74,
    "map_at_1": 1.0,
    "map_at_10": 1.0,
    "map_at_100": 1.0,
    "map_at_1000": 1.0,
    "map_at_20": 1.0,
    "map_at_3": 1.0,
    "map_at_5": 1.0,
    "mrr_at_1": 1.0,
    "mrr_at_10": 1.0,
    "mrr_at_100": 1.0,
    "mrr_at_1000": 1.0,
    "mrr_at_20": 1.0,
    "mrr_at_3": 1.0,
    "mrr_at_5": 1.0,
    "ndcg_at_1": 1.0,
    "ndcg_at_10": 1.0,
    "ndcg_at_100": 1.0,
    "ndcg_at_1000": 1.0,
    "ndcg_at_20": 1.0,
    "ndcg_at_3": 1.0,
    "ndcg_at_5": 1.0,
    "precision_at_1": 1.0,
    "precision_at_10": 0.1,
    "precision_at_100": 0.01,
    "precision_at_1000": 0.001,
    "precision_at_20": 0.05,
    "precision_at_3": 0.33333,
    "precision_at_5": 0.2,
    "recall_at_1": 1.0,
    "recall_at_10": 1.0,
    "recall_at_100": 1.0,
    "recall_at_1000": 1.0,
    "recall_at_20": 1.0,
    "recall_at_3": 1.0,
    "recall_at_5": 1.0
  },
  "test_8192": {
    "evaluation_time": 57.42,
    "map_at_1": 0.34,
    "map_at_10": 0.37869,
    "map_at_100": 0.39113,
    "map_at_1000": 0.39113,
    "map_at_20": 0.3798,
    "map_at_3": 0.37333,
    "map_at_5": 0.37333,
    "mrr_at_1": 0.34,
    "mrr_at_10": 0.37869,
    "mrr_at_100": 0.39113,
    "mrr_at_1000": 0.39113,
    "mrr_at_20": 0.3798,
    "mrr_at_3": 0.37333,
    "mrr_at_5": 0.37333,
    "ndcg_at_1": 0.34,
    "ndcg_at_10": 0.39821,
    "ndcg_at_100": 0.49546,
    "ndcg_at_1000": 0.49546,
    "ndcg_at_20": 0.40292,
    "ndcg_at_3": 0.38524,
    "ndcg_at_5": 0.38524,
    "precision_at_1": 0.34,
    "precision_at_10": 0.046,
    "precision_at_100": 0.01,
    "precision_at_1000": 0.001,
    "precision_at_20": 0.024,
    "precision_at_3": 0.14,
    "precision_at_5": 0.084,
    "recall_at_1": 0.34,
    "recall_at_10": 0.46,
    "recall_at_100": 1.0,
    "recall_at_1000": 1.0,
    "recall_at_20": 0.48,
    "recall_at_3": 0.42,
    "recall_at_5": 0.42
  }
}