{
  "dataset_revision": "6e346642246bfb4928c560ee08640dc84d074e8c",
  "mteb_dataset_name": "LEMBSummScreenFDRetrieval",
  "mteb_version": "1.6.23",
  "validation": {
    "evaluation_time": 161.56,
    "map_at_1": 0.88095,
    "map_at_10": 0.92342,
    "map_at_100": 0.92376,
    "map_at_1000": 0.92376,
    "map_at_20": 0.92364,
    "map_at_3": 0.91815,
    "map_at_5": 0.92068,
    "mrr_at_1": 0.88095,
    "mrr_at_10": 0.92342,
    "mrr_at_100": 0.92376,
    "mrr_at_1000": 0.92376,
    "mrr_at_20": 0.92364,
    "mrr_at_3": 0.91815,
    "mrr_at_5": 0.92068,
    "ndcg_at_1": 0.88095,
    "ndcg_at_10": 0.94089,
    "ndcg_at_100": 0.94228,
    "ndcg_at_1000": 0.94228,
    "ndcg_at_20": 0.94165,
    "ndcg_at_3": 0.93002,
    "ndcg_at_5": 0.93476,
    "precision_at_1": 0.88095,
    "precision_at_10": 0.0994,
    "precision_at_100": 0.01,
    "precision_at_1000": 0.001,
    "precision_at_20": 0.04985,
    "precision_at_3": 0.32143,
    "precision_at_5": 0.19524,
    "recall_at_1": 0.88095,
    "recall_at_10": 0.99405,
    "recall_at_100": 1.0,
    "recall_at_1000": 1.0,
    "recall_at_20": 0.99702,
    "recall_at_3": 0.96429,
    "recall_at_5": 0.97619
  }
}