{
  "dataset_revision": "6e346642246bfb4928c560ee08640dc84d074e8c",
  "mteb_dataset_name": "LEMBNarrativeQARetrieval",
  "mteb_version": "1.6.23",
  "test": {
    "evaluation_time": 266.74,
    "map_at_1": 0.35353,
    "map_at_10": 0.42125,
    "map_at_100": 0.43013,
    "map_at_1000": 0.43115,
    "map_at_20": 0.426,
    "map_at_3": 0.40203,
    "map_at_5": 0.41249,
    "mrr_at_1": 0.35353,
    "mrr_at_10": 0.42125,
    "mrr_at_100": 0.43013,
    "mrr_at_1000": 0.43115,
    "mrr_at_20": 0.426,
    "mrr_at_3": 0.40203,
    "mrr_at_5": 0.41249,
    "ndcg_at_1": 0.35353,
    "ndcg_at_10": 0.45761,
    "ndcg_at_100": 0.50744,
    "ndcg_at_1000": 0.53106,
    "ndcg_at_20": 0.47492,
    "ndcg_at_3": 0.41752,
    "ndcg_at_5": 0.43637,
    "precision_at_1": 0.35353,
    "precision_at_10": 0.05737,
    "precision_at_100": 0.00823,
    "precision_at_1000": 0.001,
    "precision_at_20": 0.03211,
    "precision_at_3": 0.15408,
    "precision_at_5": 0.1016,
    "recall_at_1": 0.35353,
    "recall_at_10": 0.57374,
    "recall_at_100": 0.82295,
    "recall_at_1000": 1.0,
    "recall_at_20": 0.64226,
    "recall_at_3": 0.46225,
    "recall_at_5": 0.50799
  }
}