{
  "dataset_revision": "6e346642246bfb4928c560ee08640dc84d074e8c",
  "mteb_dataset_name": "LEMBNeedleRetrieval",
  "mteb_version": "1.6.23",
  "test_1024": {
    "evaluation_time": 0.8,
    "map_at_1": 0.7,
    "map_at_10": 0.80133,
    "map_at_100": 0.80133,
    "map_at_1000": 0.80133,
    "map_at_20": 0.80133,
    "map_at_3": 0.77333,
    "map_at_5": 0.79933,
    "mrr_at_1": 0.7,
    "mrr_at_10": 0.80133,
    "mrr_at_100": 0.80133,
    "mrr_at_1000": 0.80133,
    "mrr_at_20": 0.80133,
    "mrr_at_3": 0.77333,
    "mrr_at_5": 0.79933,
    "ndcg_at_1": 0.7,
    "ndcg_at_10": 0.84967,
    "ndcg_at_100": 0.84967,
    "ndcg_at_1000": 0.84967,
    "ndcg_at_20": 0.84967,
    "ndcg_at_3": 0.79571,
    "ndcg_at_5": 0.84389,
    "precision_at_1": 0.7,
    "precision_at_10": 0.1,
    "precision_at_100": 0.01,
    "precision_at_1000": 0.001,
    "precision_at_20": 0.05,
    "precision_at_3": 0.28667,
    "precision_at_5": 0.196,
    "recall_at_1": 0.7,
    "recall_at_10": 1.0,
    "recall_at_100": 1.0,
    "recall_at_1000": 1.0,
    "recall_at_20": 1.0,
    "recall_at_3": 0.86,
    "recall_at_5": 0.98
  },
  "test_16384": {
    "evaluation_time": 28.61,
    "map_at_1": 0.24,
    "map_at_10": 0.34186,
    "map_at_100": 0.3527,
    "map_at_1000": 0.3527,
    "map_at_20": 0.34368,
    "map_at_3": 0.31,
    "map_at_5": 0.339,
    "mrr_at_1": 0.24,
    "mrr_at_10": 0.34186,
    "mrr_at_100": 0.35227,
    "mrr_at_1000": 0.35227,
    "mrr_at_20": 0.34368,
    "mrr_at_3": 0.31,
    "mrr_at_5": 0.339,
    "ndcg_at_1": 0.24,
    "ndcg_at_10": 0.39056,
    "ndcg_at_100": 0.47359,
    "ndcg_at_1000": 0.47359,
    "ndcg_at_20": 0.39614,
    "ndcg_at_3": 0.33309,
    "ndcg_at_5": 0.3839,
    "precision_at_1": 0.24,
    "precision_at_10": 0.054,
    "precision_at_100": 0.01,
    "precision_at_1000": 0.001,
    "precision_at_20": 0.028,
    "precision_at_3": 0.13333,
    "precision_at_5": 0.104,
    "recall_at_1": 0.24,
    "recall_at_10": 0.54,
    "recall_at_100": 1.0,
    "recall_at_1000": 1.0,
    "recall_at_20": 0.56,
    "recall_at_3": 0.4,
    "recall_at_5": 0.52
  },
  "test_2048": {
    "evaluation_time": 2.24,
    "map_at_1": 0.7,
    "map_at_10": 0.82341,
    "map_at_100": 0.82341,
    "map_at_1000": 0.82341,
    "map_at_20": 0.82341,
    "map_at_3": 0.81333,
    "map_at_5": 0.81833,
    "mrr_at_1": 0.7,
    "mrr_at_10": 0.82341,
    "mrr_at_100": 0.82341,
    "mrr_at_1000": 0.82341,
    "mrr_at_20": 0.82341,
    "mrr_at_3": 0.81333,
    "mrr_at_5": 0.81833,
    "ndcg_at_1": 0.7,
    "ndcg_at_10": 0.86749,
    "ndcg_at_100": 0.86749,
    "ndcg_at_1000": 0.86749,
    "ndcg_at_20": 0.86749,
    "ndcg_at_3": 0.84619,
    "ndcg_at_5": 0.8548,
    "precision_at_1": 0.7,
    "precision_at_10": 0.1,
    "precision_at_100": 0.01,
    "precision_at_1000": 0.001,
    "precision_at_20": 0.05,
    "precision_at_3": 0.31333,
    "precision_at_5": 0.192,
    "recall_at_1": 0.7,
    "recall_at_10": 1.0,
    "recall_at_100": 1.0,
    "recall_at_1000": 1.0,
    "recall_at_20": 1.0,
    "recall_at_3": 0.94,
    "recall_at_5": 0.96
  },
  "test_256": {
    "evaluation_time": 1.95,
    "map_at_1": 0.86,
    "map_at_10": 0.92667,
    "map_at_100": 0.92667,
    "map_at_1000": 0.92667,
    "map_at_20": 0.92667,
    "map_at_3": 0.92667,
    "map_at_5": 0.92667,
    "mrr_at_1": 0.86,
    "mrr_at_10": 0.92667,
    "mrr_at_100": 0.92667,
    "mrr_at_1000": 0.92667,
    "mrr_at_20": 0.92667,
    "mrr_at_3": 0.92667,
    "mrr_at_5": 0.92667,
    "ndcg_at_1": 0.86,
    "ndcg_at_10": 0.94571,
    "ndcg_at_100": 0.94571,
    "ndcg_at_1000": 0.94571,
    "ndcg_at_20": 0.94571,
    "ndcg_at_3": 0.94571,
    "ndcg_at_5": 0.94571,
    "precision_at_1": 0.86,
    "precision_at_10": 0.1,
    "precision_at_100": 0.01,
    "precision_at_1000": 0.001,
    "precision_at_20": 0.05,
    "precision_at_3": 0.33333,
    "precision_at_5": 0.2,
    "recall_at_1": 0.86,
    "recall_at_10": 1.0,
    "recall_at_100": 1.0,
    "recall_at_1000": 1.0,
    "recall_at_20": 1.0,
    "recall_at_3": 1.0,
    "recall_at_5": 1.0
  },
  "test_32768": {
    "evaluation_time": 28.97,
    "map_at_1": 0.16,
    "map_at_10": 0.18667,
    "map_at_100": 0.20556,
    "map_at_1000": 0.20556,
    "map_at_20": 0.19033,
    "map_at_3": 0.18333,
    "map_at_5": 0.18333,
    "mrr_at_1": 0.16,
    "mrr_at_10": 0.18667,
    "mrr_at_100": 0.20455,
    "mrr_at_1000": 0.20455,
    "mrr_at_20": 0.18867,
    "mrr_at_3": 0.18333,
    "mrr_at_5": 0.18333,
    "ndcg_at_1": 0.16,
    "ndcg_at_10": 0.19974,
    "ndcg_at_100": 0.33866,
    "ndcg_at_1000": 0.33866,
    "ndcg_at_20": 0.2143,
    "ndcg_at_3": 0.19262,
    "ndcg_at_5": 0.19262,
    "precision_at_1": 0.16,
    "precision_at_10": 0.024,
    "precision_at_100": 0.01,
    "precision_at_1000": 0.001,
    "precision_at_20": 0.015,
    "precision_at_3": 0.07333,
    "precision_at_5": 0.044,
    "recall_at_1": 0.16,
    "recall_at_10": 0.24,
    "recall_at_100": 1.0,
    "recall_at_1000": 1.0,
    "recall_at_20": 0.3,
    "recall_at_3": 0.22,
    "recall_at_5": 0.22
  },
  "test_4096": {
    "evaluation_time": 7.27,
    "map_at_1": 0.54,
    "map_at_10": 0.63866,
    "map_at_100": 0.6431,
    "map_at_1000": 0.6431,
    "map_at_20": 0.6431,
    "map_at_3": 0.59667,
    "map_at_5": 0.61567,
    "mrr_at_1": 0.54,
    "mrr_at_10": 0.63866,
    "mrr_at_100": 0.6431,
    "mrr_at_1000": 0.6431,
    "mrr_at_20": 0.6431,
    "mrr_at_3": 0.59667,
    "mrr_at_5": 0.61567,
    "ndcg_at_1": 0.54,
    "ndcg_at_10": 0.70864,
    "ndcg_at_100": 0.72416,
    "ndcg_at_1000": 0.72416,
    "ndcg_at_20": 0.72416,
    "ndcg_at_3": 0.61786,
    "ndcg_at_5": 0.65143,
    "precision_at_1": 0.54,
    "precision_at_10": 0.094,
    "precision_at_100": 0.01,
    "precision_at_1000": 0.001,
    "precision_at_20": 0.05,
    "precision_at_3": 0.22667,
    "precision_at_5": 0.152,
    "recall_at_1": 0.54,
    "recall_at_10": 0.94,
    "recall_at_100": 1.0,
    "recall_at_1000": 1.0,
    "recall_at_20": 1.0,
    "recall_at_3": 0.68,
    "recall_at_5": 0.76
  },
  "test_512": {
    "evaluation_time": 0.35,
    "map_at_1": 0.72,
    "map_at_10": 0.81171,
    "map_at_100": 0.81171,
    "map_at_1000": 0.81171,
    "map_at_20": 0.81171,
    "map_at_3": 0.79,
    "map_at_5": 0.804,
    "mrr_at_1": 0.72,
    "mrr_at_10": 0.81171,
    "mrr_at_100": 0.81171,
    "mrr_at_1000": 0.81171,
    "mrr_at_20": 0.81171,
    "mrr_at_3": 0.79,
    "mrr_at_5": 0.804,
    "ndcg_at_1": 0.72,
    "ndcg_at_10": 0.85717,
    "ndcg_at_100": 0.85717,
    "ndcg_at_1000": 0.85717,
    "ndcg_at_20": 0.85717,
    "ndcg_at_3": 0.81309,
    "ndcg_at_5": 0.83806,
    "precision_at_1": 0.72,
    "precision_at_10": 0.1,
    "precision_at_100": 0.01,
    "precision_at_1000": 0.001,
    "precision_at_20": 0.05,
    "precision_at_3": 0.29333,
    "precision_at_5": 0.188,
    "recall_at_1": 0.72,
    "recall_at_10": 1.0,
    "recall_at_100": 1.0,
    "recall_at_1000": 1.0,
    "recall_at_20": 1.0,
    "recall_at_3": 0.88,
    "recall_at_5": 0.94
  },
  "test_8192": {
    "evaluation_time": 25.51,
    "map_at_1": 0.42,
    "map_at_10": 0.57052,
    "map_at_100": 0.57767,
    "map_at_1000": 0.57767,
    "map_at_20": 0.5768,
    "map_at_3": 0.53333,
    "map_at_5": 0.55333,
    "mrr_at_1": 0.42,
    "mrr_at_10": 0.57052,
    "mrr_at_100": 0.57767,
    "mrr_at_1000": 0.57767,
    "mrr_at_20": 0.5768,
    "mrr_at_3": 0.53333,
    "mrr_at_5": 0.55333,
    "ndcg_at_1": 0.42,
    "ndcg_at_10": 0.64916,
    "ndcg_at_100": 0.67465,
    "ndcg_at_1000": 0.67465,
    "ndcg_at_20": 0.67029,
    "ndcg_at_3": 0.57095,
    "ndcg_at_5": 0.6054,
    "precision_at_1": 0.42,
    "precision_at_10": 0.09,
    "precision_at_100": 0.01,
    "precision_at_1000": 0.001,
    "precision_at_20": 0.049,
    "precision_at_3": 0.22667,
    "precision_at_5": 0.152,
    "recall_at_1": 0.42,
    "recall_at_10": 0.9,
    "recall_at_100": 1.0,
    "recall_at_1000": 1.0,
    "recall_at_20": 0.98,
    "recall_at_3": 0.68,
    "recall_at_5": 0.76
  }
}