{
  "dataset_revision": "6e346642246bfb4928c560ee08640dc84d074e8c",
  "mteb_dataset_name": "LEMBWikimQARetrieval",
  "mteb_version": "1.6.23",
  "test": {
    "evaluation_time": 60.17,
    "map_at_1": 0.66333,
    "map_at_10": 0.71208,
    "map_at_100": 0.71684,
    "map_at_1000": 0.71717,
    "map_at_20": 0.71518,
    "map_at_3": 0.695,
    "map_at_5": 0.70367,
    "mrr_at_1": 0.66333,
    "mrr_at_10": 0.71208,
    "mrr_at_100": 0.71684,
    "mrr_at_1000": 0.71717,
    "mrr_at_20": 0.71518,
    "mrr_at_3": 0.695,
    "mrr_at_5": 0.70367,
    "ndcg_at_1": 0.66333,
    "ndcg_at_10": 0.73988,
    "ndcg_at_100": 0.76412,
    "ndcg_at_1000": 0.77133,
    "ndcg_at_20": 0.75096,
    "ndcg_at_3": 0.70409,
    "ndcg_at_5": 0.71944,
    "precision_at_1": 0.66333,
    "precision_at_10": 0.083,
    "precision_at_100": 0.00947,
    "precision_at_1000": 0.001,
    "precision_at_20": 0.04367,
    "precision_at_3": 0.24333,
    "precision_at_5": 0.15333,
    "recall_at_1": 0.66333,
    "recall_at_10": 0.83,
    "recall_at_100": 0.94667,
    "recall_at_1000": 1.0,
    "recall_at_20": 0.87333,
    "recall_at_3": 0.73,
    "recall_at_5": 0.76667
  }
}