{
  "dataset_revision": "6e346642246bfb4928c560ee08640dc84d074e8c",
  "mteb_dataset_name": "LEMBNarrativeQARetrieval",
  "mteb_version": "1.6.23",
  "test": {
    "evaluation_time": 135.81,
    "map_at_1": 0.27811,
    "map_at_10": 0.34293,
    "map_at_100": 0.35302,
    "map_at_1000": 0.35423,
    "map_at_20": 0.34804,
    "map_at_3": 0.32376,
    "map_at_5": 0.33396,
    "mrr_at_1": 0.27811,
    "mrr_at_10": 0.34293,
    "mrr_at_100": 0.35302,
    "mrr_at_1000": 0.35423,
    "mrr_at_20": 0.34804,
    "mrr_at_3": 0.32376,
    "mrr_at_5": 0.33396,
    "ndcg_at_1": 0.27811,
    "ndcg_at_10": 0.37893,
    "ndcg_at_100": 0.43562,
    "ndcg_at_1000": 0.46498,
    "ndcg_at_20": 0.39759,
    "ndcg_at_3": 0.33868,
    "ndcg_at_5": 0.35712,
    "precision_at_1": 0.27811,
    "precision_at_10": 0.04944,
    "precision_at_100": 0.00777,
    "precision_at_1000": 0.001,
    "precision_at_20": 0.02841,
    "precision_at_3": 0.12728,
    "precision_at_5": 0.08535,
    "recall_at_1": 0.27811,
    "recall_at_10": 0.4944,
    "recall_at_100": 0.77749,
    "recall_at_1000": 1.0,
    "recall_at_20": 0.56828,
    "recall_at_3": 0.38185,
    "recall_at_5": 0.42674
  }
}