{
  "dataset_revision": "6e346642246bfb4928c560ee08640dc84d074e8c",
  "mteb_dataset_name": "LEMBPasskeyRetrieval",
  "mteb_version": "1.6.23",
  "test_1024": {
    "evaluation_time": 0.79,
    "map_at_1": 0.56,
    "map_at_10": 0.68519,
    "map_at_100": 0.688,
    "map_at_1000": 0.688,
    "map_at_20": 0.68752,
    "map_at_3": 0.65333,
    "map_at_5": 0.68033,
    "mrr_at_1": 0.56,
    "mrr_at_10": 0.68519,
    "mrr_at_100": 0.688,
    "mrr_at_1000": 0.688,
    "mrr_at_20": 0.68752,
    "mrr_at_3": 0.65333,
    "mrr_at_5": 0.68033,
    "ndcg_at_1": 0.56,
    "ndcg_at_10": 0.74721,
    "ndcg_at_100": 0.76045,
    "ndcg_at_1000": 0.76045,
    "ndcg_at_20": 0.75676,
    "ndcg_at_3": 0.68571,
    "ndcg_at_5": 0.73476,
    "precision_at_1": 0.56,
    "precision_at_10": 0.094,
    "precision_at_100": 0.01,
    "precision_at_1000": 0.001,
    "precision_at_20": 0.049,
    "precision_at_3": 0.26,
    "precision_at_5": 0.18,
    "recall_at_1": 0.56,
    "recall_at_10": 0.94,
    "recall_at_100": 1.0,
    "recall_at_1000": 1.0,
    "recall_at_20": 0.98,
    "recall_at_3": 0.78,
    "recall_at_5": 0.9
  },
  "test_16384": {
    "evaluation_time": 26.48,
    "map_at_1": 0.34,
    "map_at_10": 0.39833,
    "map_at_100": 0.40529,
    "map_at_1000": 0.40529,
    "map_at_20": 0.39833,
    "map_at_3": 0.38667,
    "map_at_5": 0.39167,
    "mrr_at_1": 0.34,
    "mrr_at_10": 0.39833,
    "mrr_at_100": 0.40499,
    "mrr_at_1000": 0.40499,
    "mrr_at_20": 0.39833,
    "mrr_at_3": 0.38667,
    "mrr_at_5": 0.39167,
    "ndcg_at_1": 0.34,
    "ndcg_at_10": 0.4281,
    "ndcg_at_100": 0.50608,
    "ndcg_at_1000": 0.50608,
    "ndcg_at_20": 0.4281,
    "ndcg_at_3": 0.40524,
    "ndcg_at_5": 0.41385,
    "precision_at_1": 0.34,
    "precision_at_10": 0.052,
    "precision_at_100": 0.01,
    "precision_at_1000": 0.001,
    "precision_at_20": 0.026,
    "precision_at_3": 0.15333,
    "precision_at_5": 0.096,
    "recall_at_1": 0.34,
    "recall_at_10": 0.52,
    "recall_at_100": 1.0,
    "recall_at_1000": 1.0,
    "recall_at_20": 0.52,
    "recall_at_3": 0.46,
    "recall_at_5": 0.48
  },
  "test_2048": {
    "evaluation_time": 2.29,
    "map_at_1": 0.14,
    "map_at_10": 0.38617,
    "map_at_100": 0.39495,
    "map_at_1000": 0.39495,
    "map_at_20": 0.39319,
    "map_at_3": 0.34,
    "map_at_5": 0.377,
    "mrr_at_1": 0.14,
    "mrr_at_10": 0.38617,
    "mrr_at_100": 0.39495,
    "mrr_at_1000": 0.39495,
    "mrr_at_20": 0.39319,
    "mrr_at_3": 0.34,
    "mrr_at_5": 0.377,
    "ndcg_at_1": 0.14,
    "ndcg_at_10": 0.49826,
    "ndcg_at_100": 0.5352,
    "ndcg_at_1000": 0.5352,
    "ndcg_at_20": 0.52366,
    "ndcg_at_3": 0.41142,
    "ndcg_at_5": 0.4777,
    "precision_at_1": 0.14,
    "precision_at_10": 0.084,
    "precision_at_100": 0.01,
    "precision_at_1000": 0.001,
    "precision_at_20": 0.047,
    "precision_at_3": 0.20667,
    "precision_at_5": 0.156,
    "recall_at_1": 0.14,
    "recall_at_10": 0.84,
    "recall_at_100": 1.0,
    "recall_at_1000": 1.0,
    "recall_at_20": 0.94,
    "recall_at_3": 0.62,
    "recall_at_5": 0.78
  },
  "test_256": {
    "evaluation_time": 0.22,
    "map_at_1": 1.0,
    "map_at_10": 1.0,
    "map_at_100": 1.0,
    "map_at_1000": 1.0,
    "map_at_20": 1.0,
    "map_at_3": 1.0,
    "map_at_5": 1.0,
    "mrr_at_1": 1.0,
    "mrr_at_10": 1.0,
    "mrr_at_100": 1.0,
    "mrr_at_1000": 1.0,
    "mrr_at_20": 1.0,
    "mrr_at_3": 1.0,
    "mrr_at_5": 1.0,
    "ndcg_at_1": 1.0,
    "ndcg_at_10": 1.0,
    "ndcg_at_100": 1.0,
    "ndcg_at_1000": 1.0,
    "ndcg_at_20": 1.0,
    "ndcg_at_3": 1.0,
    "ndcg_at_5": 1.0,
    "precision_at_1": 1.0,
    "precision_at_10": 0.1,
    "precision_at_100": 0.01,
    "precision_at_1000": 0.001,
    "precision_at_20": 0.05,
    "precision_at_3": 0.33333,
    "precision_at_5": 0.2,
    "recall_at_1": 1.0,
    "recall_at_10": 1.0,
    "recall_at_100": 1.0,
    "recall_at_1000": 1.0,
    "recall_at_20": 1.0,
    "recall_at_3": 1.0,
    "recall_at_5": 1.0
  },
  "test_32768": {
    "evaluation_time": 28.67,
    "map_at_1": 0.18,
    "map_at_10": 0.19667,
    "map_at_100": 0.21435,
    "map_at_1000": 0.21435,
    "map_at_20": 0.19973,
    "map_at_3": 0.19667,
    "map_at_5": 0.19667,
    "mrr_at_1": 0.18,
    "mrr_at_10": 0.19667,
    "mrr_at_100": 0.2129,
    "mrr_at_1000": 0.2129,
    "mrr_at_20": 0.19973,
    "mrr_at_3": 0.19667,
    "mrr_at_5": 0.19667,
    "ndcg_at_1": 0.18,
    "ndcg_at_10": 0.20262,
    "ndcg_at_100": 0.34168,
    "ndcg_at_1000": 0.34168,
    "ndcg_at_20": 0.21309,
    "ndcg_at_3": 0.20262,
    "ndcg_at_5": 0.20262,
    "precision_at_1": 0.18,
    "precision_at_10": 0.022,
    "precision_at_100": 0.01,
    "precision_at_1000": 0.001,
    "precision_at_20": 0.013,
    "precision_at_3": 0.07333,
    "precision_at_5": 0.044,
    "recall_at_1": 0.18,
    "recall_at_10": 0.22,
    "recall_at_100": 1.0,
    "recall_at_1000": 1.0,
    "recall_at_20": 0.26,
    "recall_at_3": 0.22,
    "recall_at_5": 0.22
  },
  "test_4096": {
    "evaluation_time": 7.43,
    "map_at_1": 0.54,
    "map_at_10": 0.65152,
    "map_at_100": 0.65873,
    "map_at_1000": 0.65873,
    "map_at_20": 0.65759,
    "map_at_3": 0.63333,
    "map_at_5": 0.64333,
    "mrr_at_1": 0.54,
    "mrr_at_10": 0.65152,
    "mrr_at_100": 0.65873,
    "mrr_at_1000": 0.65873,
    "mrr_at_20": 0.65759,
    "mrr_at_3": 0.63333,
    "mrr_at_5": 0.64333,
    "ndcg_at_1": 0.54,
    "ndcg_at_10": 0.70727,
    "ndcg_at_100": 0.73576,
    "ndcg_at_1000": 0.73576,
    "ndcg_at_20": 0.7281,
    "ndcg_at_3": 0.67047,
    "ndcg_at_5": 0.6877,
    "precision_at_1": 0.54,
    "precision_at_10": 0.088,
    "precision_at_100": 0.01,
    "precision_at_1000": 0.001,
    "precision_at_20": 0.048,
    "precision_at_3": 0.26,
    "precision_at_5": 0.164,
    "recall_at_1": 0.54,
    "recall_at_10": 0.88,
    "recall_at_100": 1.0,
    "recall_at_1000": 1.0,
    "recall_at_20": 0.96,
    "recall_at_3": 0.78,
    "recall_at_5": 0.82
  },
  "test_512": {
    "evaluation_time": 0.32,
    "map_at_1": 0.68,
    "map_at_10": 0.74536,
    "map_at_100": 0.7518,
    "map_at_1000": 0.7518,
    "map_at_20": 0.75009,
    "map_at_3": 0.72667,
    "map_at_5": 0.73667,
    "mrr_at_1": 0.68,
    "mrr_at_10": 0.74536,
    "mrr_at_100": 0.7518,
    "mrr_at_1000": 0.7518,
    "mrr_at_20": 0.75009,
    "mrr_at_3": 0.72667,
    "mrr_at_5": 0.73667,
    "ndcg_at_1": 0.68,
    "ndcg_at_10": 0.7778,
    "ndcg_at_100": 0.80527,
    "ndcg_at_1000": 0.80527,
    "ndcg_at_20": 0.79368,
    "ndcg_at_3": 0.74047,
    "ndcg_at_5": 0.7577,
    "precision_at_1": 0.68,
    "precision_at_10": 0.088,
    "precision_at_100": 0.01,
    "precision_at_1000": 0.001,
    "precision_at_20": 0.047,
    "precision_at_3": 0.26,
    "precision_at_5": 0.164,
    "recall_at_1": 0.68,
    "recall_at_10": 0.88,
    "recall_at_100": 1.0,
    "recall_at_1000": 1.0,
    "recall_at_20": 0.94,
    "recall_at_3": 0.78,
    "recall_at_5": 0.82
  },
  "test_8192": {
    "evaluation_time": 25.07,
    "map_at_1": 0.58,
    "map_at_10": 0.65188,
    "map_at_100": 0.65912,
    "map_at_1000": 0.65912,
    "map_at_20": 0.65729,
    "map_at_3": 0.61667,
    "map_at_5": 0.63967,
    "mrr_at_1": 0.58,
    "mrr_at_10": 0.65188,
    "mrr_at_100": 0.65912,
    "mrr_at_1000": 0.65912,
    "mrr_at_20": 0.65729,
    "mrr_at_3": 0.61667,
    "mrr_at_5": 0.63967,
    "ndcg_at_1": 0.58,
    "ndcg_at_10": 0.70038,
    "ndcg_at_100": 0.73205,
    "ndcg_at_1000": 0.73205,
    "ndcg_at_20": 0.72039,
    "ndcg_at_3": 0.62786,
    "ndcg_at_5": 0.66917,
    "precision_at_1": 0.58,
    "precision_at_10": 0.086,
    "precision_at_100": 0.01,
    "precision_at_1000": 0.001,
    "precision_at_20": 0.047,
    "precision_at_3": 0.22,
    "precision_at_5": 0.152,
    "recall_at_1": 0.58,
    "recall_at_10": 0.86,
    "recall_at_100": 1.0,
    "recall_at_1000": 1.0,
    "recall_at_20": 0.94,
    "recall_at_3": 0.66,
    "recall_at_5": 0.76
  }
}