{
  "dataset_revision": "6e346642246bfb4928c560ee08640dc84d074e8c",
  "mteb_dataset_name": "LEMBSummScreenFDRetrieval",
  "mteb_version": "1.6.23",
  "validation": {
    "evaluation_time": 73.55,
    "map_at_1": 0.875,
    "map_at_10": 0.91656,
    "map_at_100": 0.9168,
    "map_at_1000": 0.91682,
    "map_at_20": 0.91673,
    "map_at_3": 0.90873,
    "map_at_5": 0.91424,
    "mrr_at_1": 0.875,
    "mrr_at_10": 0.91656,
    "mrr_at_100": 0.9168,
    "mrr_at_1000": 0.91682,
    "mrr_at_20": 0.91673,
    "mrr_at_3": 0.90873,
    "mrr_at_5": 0.91424,
    "ndcg_at_1": 0.875,
    "ndcg_at_10": 0.93479,
    "ndcg_at_100": 0.93603,
    "ndcg_at_1000": 0.93644,
    "ndcg_at_20": 0.9355,
    "ndcg_at_3": 0.91922,
    "ndcg_at_5": 0.92908,
    "precision_at_1": 0.875,
    "precision_at_10": 0.09911,
    "precision_at_100": 0.00997,
    "precision_at_1000": 0.001,
    "precision_at_20": 0.0497,
    "precision_at_3": 0.31647,
    "precision_at_5": 0.19464,
    "recall_at_1": 0.875,
    "recall_at_10": 0.99107,
    "recall_at_100": 0.99702,
    "recall_at_1000": 1.0,
    "recall_at_20": 0.99405,
    "recall_at_3": 0.9494,
    "recall_at_5": 0.97321
  }
}