{
  "dataset_revision": "6e346642246bfb4928c560ee08640dc84d074e8c",
  "mteb_dataset_name": "LEMBQMSumRetrieval",
  "mteb_version": "1.6.23",
  "test": {
    "evaluation_time": 50.18,
    "map_at_1": 0.23772,
    "map_at_10": 0.33273,
    "map_at_100": 0.34774,
    "map_at_1000": 0.34793,
    "map_at_20": 0.34024,
    "map_at_3": 0.30135,
    "map_at_5": 0.31642,
    "mrr_at_1": 0.23772,
    "mrr_at_10": 0.33273,
    "mrr_at_100": 0.34774,
    "mrr_at_1000": 0.34793,
    "mrr_at_20": 0.34024,
    "mrr_at_3": 0.30135,
    "mrr_at_5": 0.31642,
    "ndcg_at_1": 0.23772,
    "ndcg_at_10": 0.38866,
    "ndcg_at_100": 0.47136,
    "ndcg_at_1000": 0.47442,
    "ndcg_at_20": 0.41587,
    "ndcg_at_3": 0.32186,
    "ndcg_at_5": 0.3492,
    "precision_at_1": 0.23772,
    "precision_at_10": 0.05697,
    "precision_at_100": 0.00979,
    "precision_at_1000": 0.001,
    "precision_at_20": 0.03386,
    "precision_at_3": 0.12705,
    "precision_at_5": 0.08959,
    "recall_at_1": 0.23772,
    "recall_at_10": 0.56974,
    "recall_at_100": 0.97904,
    "recall_at_1000": 1.0,
    "recall_at_20": 0.67714,
    "recall_at_3": 0.38114,
    "recall_at_5": 0.44794
  }
}