{
  "dataset_revision": "6e346642246bfb4928c560ee08640dc84d074e8c",
  "mteb_dataset_name": "LEMBNarrativeQARetrieval",
  "mteb_version": "1.6.23",
  "test": {
    "evaluation_time": 1608.32,
    "map_at_1": 0.41659,
    "map_at_10": 0.495,
    "map_at_100": 0.50436,
    "map_at_1000": 0.50493,
    "map_at_20": 0.50037,
    "map_at_3": 0.47359,
    "map_at_5": 0.48576,
    "mrr_at_1": 0.41659,
    "mrr_at_10": 0.495,
    "mrr_at_100": 0.50436,
    "mrr_at_1000": 0.50493,
    "mrr_at_20": 0.50037,
    "mrr_at_3": 0.47359,
    "mrr_at_5": 0.48576,
    "ndcg_at_1": 0.41659,
    "ndcg_at_10": 0.53638,
    "ndcg_at_100": 0.58545,
    "ndcg_at_1000": 0.59811,
    "ndcg_at_20": 0.55584,
    "ndcg_at_3": 0.492,
    "ndcg_at_5": 0.51395,
    "precision_at_1": 0.41659,
    "precision_at_10": 0.0668,
    "precision_at_100": 0.00906,
    "precision_at_1000": 0.001,
    "precision_at_20": 0.03724,
    "precision_at_3": 0.18174,
    "precision_at_5": 0.11971,
    "recall_at_1": 0.41659,
    "recall_at_10": 0.66801,
    "recall_at_100": 0.90583,
    "recall_at_1000": 1.0,
    "recall_at_20": 0.74476,
    "recall_at_3": 0.54522,
    "recall_at_5": 0.59853
  }
}