{
  "dataset_revision": "6e346642246bfb4928c560ee08640dc84d074e8c",
  "mteb_dataset_name": "LEMBPasskeyRetrieval",
  "mteb_version": "1.6.23",
  "test_1024": {
    "evaluation_time": 9.64,
    "map_at_1": 0.94,
    "map_at_10": 0.97,
    "map_at_100": 0.97,
    "map_at_1000": 0.97,
    "map_at_20": 0.97,
    "map_at_3": 0.97,
    "map_at_5": 0.97,
    "mrr_at_1": 0.94,
    "mrr_at_10": 0.97,
    "mrr_at_100": 0.97,
    "mrr_at_1000": 0.97,
    "mrr_at_20": 0.97,
    "mrr_at_3": 0.97,
    "mrr_at_5": 0.97,
    "ndcg_at_1": 0.94,
    "ndcg_at_10": 0.97786,
    "ndcg_at_100": 0.97786,
    "ndcg_at_1000": 0.97786,
    "ndcg_at_20": 0.97786,
    "ndcg_at_3": 0.97786,
    "ndcg_at_5": 0.97786,
    "precision_at_1": 0.94,
    "precision_at_10": 0.1,
    "precision_at_100": 0.01,
    "precision_at_1000": 0.001,
    "precision_at_20": 0.05,
    "precision_at_3": 0.33333,
    "precision_at_5": 0.2,
    "recall_at_1": 0.94,
    "recall_at_10": 1.0,
    "recall_at_100": 1.0,
    "recall_at_1000": 1.0,
    "recall_at_20": 1.0,
    "recall_at_3": 1.0,
    "recall_at_5": 1.0
  },
  "test_16384": {
    "evaluation_time": 180.9,
    "map_at_1": 0.9,
    "map_at_10": 0.94067,
    "map_at_100": 0.94067,
    "map_at_1000": 0.94067,
    "map_at_20": 0.94067,
    "map_at_3": 0.93667,
    "map_at_5": 0.94067,
    "mrr_at_1": 0.9,
    "mrr_at_10": 0.94067,
    "mrr_at_100": 0.94067,
    "mrr_at_1000": 0.94067,
    "mrr_at_20": 0.94067,
    "mrr_at_3": 0.93667,
    "mrr_at_5": 0.94067,
    "ndcg_at_1": 0.9,
    "ndcg_at_10": 0.95559,
    "ndcg_at_100": 0.95559,
    "ndcg_at_1000": 0.95559,
    "ndcg_at_20": 0.95559,
    "ndcg_at_3": 0.94786,
    "ndcg_at_5": 0.95559,
    "precision_at_1": 0.9,
    "precision_at_10": 0.1,
    "precision_at_100": 0.01,
    "precision_at_1000": 0.001,
    "precision_at_20": 0.05,
    "precision_at_3": 0.32667,
    "precision_at_5": 0.2,
    "recall_at_1": 0.9,
    "recall_at_10": 1.0,
    "recall_at_100": 1.0,
    "recall_at_1000": 1.0,
    "recall_at_20": 1.0,
    "recall_at_3": 0.98,
    "recall_at_5": 1.0
  },
  "test_2048": {
    "evaluation_time": 18.98,
    "map_at_1": 1.0,
    "map_at_10": 1.0,
    "map_at_100": 1.0,
    "map_at_1000": 1.0,
    "map_at_20": 1.0,
    "map_at_3": 1.0,
    "map_at_5": 1.0,
    "mrr_at_1": 1.0,
    "mrr_at_10": 1.0,
    "mrr_at_100": 1.0,
    "mrr_at_1000": 1.0,
    "mrr_at_20": 1.0,
    "mrr_at_3": 1.0,
    "mrr_at_5": 1.0,
    "ndcg_at_1": 1.0,
    "ndcg_at_10": 1.0,
    "ndcg_at_100": 1.0,
    "ndcg_at_1000": 1.0,
    "ndcg_at_20": 1.0,
    "ndcg_at_3": 1.0,
    "ndcg_at_5": 1.0,
    "precision_at_1": 1.0,
    "precision_at_10": 0.1,
    "precision_at_100": 0.01,
    "precision_at_1000": 0.001,
    "precision_at_20": 0.05,
    "precision_at_3": 0.33333,
    "precision_at_5": 0.2,
    "recall_at_1": 1.0,
    "recall_at_10": 1.0,
    "recall_at_100": 1.0,
    "recall_at_1000": 1.0,
    "recall_at_20": 1.0,
    "recall_at_3": 1.0,
    "recall_at_5": 1.0
  },
  "test_256": {
    "evaluation_time": 3.06,
    "map_at_1": 0.86,
    "map_at_10": 0.93,
    "map_at_100": 0.93,
    "map_at_1000": 0.93,
    "map_at_20": 0.93,
    "map_at_3": 0.93,
    "map_at_5": 0.93,
    "mrr_at_1": 0.86,
    "mrr_at_10": 0.93,
    "mrr_at_100": 0.93,
    "mrr_at_1000": 0.93,
    "mrr_at_20": 0.93,
    "mrr_at_3": 0.93,
    "mrr_at_5": 0.93,
    "ndcg_at_1": 0.86,
    "ndcg_at_10": 0.94833,
    "ndcg_at_100": 0.94833,
    "ndcg_at_1000": 0.94833,
    "ndcg_at_20": 0.94833,
    "ndcg_at_3": 0.94833,
    "ndcg_at_5": 0.94833,
    "precision_at_1": 0.86,
    "precision_at_10": 0.1,
    "precision_at_100": 0.01,
    "precision_at_1000": 0.001,
    "precision_at_20": 0.05,
    "precision_at_3": 0.33333,
    "precision_at_5": 0.2,
    "recall_at_1": 0.86,
    "recall_at_10": 1.0,
    "recall_at_100": 1.0,
    "recall_at_1000": 1.0,
    "recall_at_20": 1.0,
    "recall_at_3": 1.0,
    "recall_at_5": 1.0
  },
  "test_32768": {
    "evaluation_time": 431.37,
    "map_at_1": 0.94,
    "map_at_10": 0.964,
    "map_at_100": 0.964,
    "map_at_1000": 0.964,
    "map_at_20": 0.964,
    "map_at_3": 0.96,
    "map_at_5": 0.964,
    "mrr_at_1": 0.94,
    "mrr_at_10": 0.964,
    "mrr_at_100": 0.964,
    "mrr_at_1000": 0.964,
    "mrr_at_20": 0.964,
    "mrr_at_3": 0.96,
    "mrr_at_5": 0.964,
    "ndcg_at_1": 0.94,
    "ndcg_at_10": 0.97297,
    "ndcg_at_100": 0.97297,
    "ndcg_at_1000": 0.97297,
    "ndcg_at_20": 0.97297,
    "ndcg_at_3": 0.96524,
    "ndcg_at_5": 0.97297,
    "precision_at_1": 0.94,
    "precision_at_10": 0.1,
    "precision_at_100": 0.01,
    "precision_at_1000": 0.001,
    "precision_at_20": 0.05,
    "precision_at_3": 0.32667,
    "precision_at_5": 0.2,
    "recall_at_1": 0.94,
    "recall_at_10": 1.0,
    "recall_at_100": 1.0,
    "recall_at_1000": 1.0,
    "recall_at_20": 1.0,
    "recall_at_3": 0.98,
    "recall_at_5": 1.0
  },
  "test_4096": {
    "evaluation_time": 37.87,
    "map_at_1": 1.0,
    "map_at_10": 1.0,
    "map_at_100": 1.0,
    "map_at_1000": 1.0,
    "map_at_20": 1.0,
    "map_at_3": 1.0,
    "map_at_5": 1.0,
    "mrr_at_1": 1.0,
    "mrr_at_10": 1.0,
    "mrr_at_100": 1.0,
    "mrr_at_1000": 1.0,
    "mrr_at_20": 1.0,
    "mrr_at_3": 1.0,
    "mrr_at_5": 1.0,
    "ndcg_at_1": 1.0,
    "ndcg_at_10": 1.0,
    "ndcg_at_100": 1.0,
    "ndcg_at_1000": 1.0,
    "ndcg_at_20": 1.0,
    "ndcg_at_3": 1.0,
    "ndcg_at_5": 1.0,
    "precision_at_1": 1.0,
    "precision_at_10": 0.1,
    "precision_at_100": 0.01,
    "precision_at_1000": 0.001,
    "precision_at_20": 0.05,
    "precision_at_3": 0.33333,
    "precision_at_5": 0.2,
    "recall_at_1": 1.0,
    "recall_at_10": 1.0,
    "recall_at_100": 1.0,
    "recall_at_1000": 1.0,
    "recall_at_20": 1.0,
    "recall_at_3": 1.0,
    "recall_at_5": 1.0
  },
  "test_512": {
    "evaluation_time": 5.09,
    "map_at_1": 0.94,
    "map_at_10": 0.97,
    "map_at_100": 0.97,
    "map_at_1000": 0.97,
    "map_at_20": 0.97,
    "map_at_3": 0.97,
    "map_at_5": 0.97,
    "mrr_at_1": 0.94,
    "mrr_at_10": 0.97,
    "mrr_at_100": 0.97,
    "mrr_at_1000": 0.97,
    "mrr_at_20": 0.97,
    "mrr_at_3": 0.97,
    "mrr_at_5": 0.97,
    "ndcg_at_1": 0.94,
    "ndcg_at_10": 0.97786,
    "ndcg_at_100": 0.97786,
    "ndcg_at_1000": 0.97786,
    "ndcg_at_20": 0.97786,
    "ndcg_at_3": 0.97786,
    "ndcg_at_5": 0.97786,
    "precision_at_1": 0.94,
    "precision_at_10": 0.1,
    "precision_at_100": 0.01,
    "precision_at_1000": 0.001,
    "precision_at_20": 0.05,
    "precision_at_3": 0.33333,
    "precision_at_5": 0.2,
    "recall_at_1": 0.94,
    "recall_at_10": 1.0,
    "recall_at_100": 1.0,
    "recall_at_1000": 1.0,
    "recall_at_20": 1.0,
    "recall_at_3": 1.0,
    "recall_at_5": 1.0
  },
  "test_8192": {
    "evaluation_time": 80.27,
    "map_at_1": 0.98,
    "map_at_10": 0.99,
    "map_at_100": 0.99,
    "map_at_1000": 0.99,
    "map_at_20": 0.99,
    "map_at_3": 0.99,
    "map_at_5": 0.99,
    "mrr_at_1": 0.98,
    "mrr_at_10": 0.99,
    "mrr_at_100": 0.99,
    "mrr_at_1000": 0.99,
    "mrr_at_20": 0.99,
    "mrr_at_3": 0.99,
    "mrr_at_5": 0.99,
    "ndcg_at_1": 0.98,
    "ndcg_at_10": 0.99262,
    "ndcg_at_100": 0.99262,
    "ndcg_at_1000": 0.99262,
    "ndcg_at_20": 0.99262,
    "ndcg_at_3": 0.99262,
    "ndcg_at_5": 0.99262,
    "precision_at_1": 0.98,
    "precision_at_10": 0.1,
    "precision_at_100": 0.01,
    "precision_at_1000": 0.001,
    "precision_at_20": 0.05,
    "precision_at_3": 0.33333,
    "precision_at_5": 0.2,
    "recall_at_1": 0.98,
    "recall_at_10": 1.0,
    "recall_at_100": 1.0,
    "recall_at_1000": 1.0,
    "recall_at_20": 1.0,
    "recall_at_3": 1.0,
    "recall_at_5": 1.0
  }
}