{
  "dataset_revision": "6e346642246bfb4928c560ee08640dc84d074e8c",
  "mteb_dataset_name": "LEMBSummScreenFDRetrieval",
  "mteb_version": "1.6.23",
  "validation": {
    "evaluation_time": 380.06,
    "map_at_1": 0.9494,
    "map_at_10": 0.96721,
    "map_at_100": 0.96735,
    "map_at_1000": 0.96735,
    "map_at_20": 0.96721,
    "map_at_3": 0.96429,
    "map_at_5": 0.96622,
    "mrr_at_1": 0.9494,
    "mrr_at_10": 0.96721,
    "mrr_at_100": 0.96735,
    "mrr_at_1000": 0.96735,
    "mrr_at_20": 0.96721,
    "mrr_at_3": 0.96429,
    "mrr_at_5": 0.96622,
    "ndcg_at_1": 0.9494,
    "ndcg_at_10": 0.9746,
    "ndcg_at_100": 0.97526,
    "ndcg_at_1000": 0.97526,
    "ndcg_at_20": 0.9746,
    "ndcg_at_3": 0.96889,
    "ndcg_at_5": 0.97248,
    "precision_at_1": 0.9494,
    "precision_at_10": 0.0997,
    "precision_at_100": 0.01,
    "precision_at_1000": 0.001,
    "precision_at_20": 0.04985,
    "precision_at_3": 0.32738,
    "precision_at_5": 0.19821,
    "recall_at_1": 0.9494,
    "recall_at_10": 0.99702,
    "recall_at_100": 1.0,
    "recall_at_1000": 1.0,
    "recall_at_20": 0.99702,
    "recall_at_3": 0.98214,
    "recall_at_5": 0.99107
  }
}