{
  "dataset_revision": "6e346642246bfb4928c560ee08640dc84d074e8c",
  "mteb_dataset_name": "LEMBNeedleRetrieval",
  "mteb_version": "1.6.23",
  "test_1024": {
    "evaluation_time": 9.62,
    "map_at_1": 0.94,
    "map_at_10": 0.96667,
    "map_at_100": 0.96667,
    "map_at_1000": 0.96667,
    "map_at_20": 0.96667,
    "map_at_3": 0.96667,
    "map_at_5": 0.96667,
    "mrr_at_1": 0.94,
    "mrr_at_10": 0.96667,
    "mrr_at_100": 0.96667,
    "mrr_at_1000": 0.96667,
    "mrr_at_20": 0.96667,
    "mrr_at_3": 0.96667,
    "mrr_at_5": 0.96667,
    "ndcg_at_1": 0.94,
    "ndcg_at_10": 0.97524,
    "ndcg_at_100": 0.97524,
    "ndcg_at_1000": 0.97524,
    "ndcg_at_20": 0.97524,
    "ndcg_at_3": 0.97524,
    "ndcg_at_5": 0.97524,
    "precision_at_1": 0.94,
    "precision_at_10": 0.1,
    "precision_at_100": 0.01,
    "precision_at_1000": 0.001,
    "precision_at_20": 0.05,
    "precision_at_3": 0.33333,
    "precision_at_5": 0.2,
    "recall_at_1": 0.94,
    "recall_at_10": 1.0,
    "recall_at_100": 1.0,
    "recall_at_1000": 1.0,
    "recall_at_20": 1.0,
    "recall_at_3": 1.0,
    "recall_at_5": 1.0
  },
  "test_16384": {
    "evaluation_time": 196.28,
    "map_at_1": 0.32,
    "map_at_10": 0.50177,
    "map_at_100": 0.50987,
    "map_at_1000": 0.50987,
    "map_at_20": 0.50865,
    "map_at_3": 0.46333,
    "map_at_5": 0.49133,
    "mrr_at_1": 0.32,
    "mrr_at_10": 0.50177,
    "mrr_at_100": 0.50987,
    "mrr_at_1000": 0.50987,
    "mrr_at_20": 0.50865,
    "mrr_at_3": 0.46333,
    "mrr_at_5": 0.49133,
    "ndcg_at_1": 0.32,
    "ndcg_at_10": 0.58916,
    "ndcg_at_100": 0.62228,
    "ndcg_at_1000": 0.62228,
    "ndcg_at_20": 0.6144,
    "ndcg_at_3": 0.51357,
    "ndcg_at_5": 0.5635,
    "precision_at_1": 0.32,
    "precision_at_10": 0.086,
    "precision_at_100": 0.01,
    "precision_at_1000": 0.001,
    "precision_at_20": 0.048,
    "precision_at_3": 0.22,
    "precision_at_5": 0.156,
    "recall_at_1": 0.32,
    "recall_at_10": 0.86,
    "recall_at_100": 1.0,
    "recall_at_1000": 1.0,
    "recall_at_20": 0.96,
    "recall_at_3": 0.66,
    "recall_at_5": 0.78
  },
  "test_2048": {
    "evaluation_time": 19.32,
    "map_at_1": 0.82,
    "map_at_10": 0.89567,
    "map_at_100": 0.89567,
    "map_at_1000": 0.89567,
    "map_at_20": 0.89567,
    "map_at_3": 0.88667,
    "map_at_5": 0.89567,
    "mrr_at_1": 0.82,
    "mrr_at_10": 0.89567,
    "mrr_at_100": 0.89567,
    "mrr_at_1000": 0.89567,
    "mrr_at_20": 0.89567,
    "mrr_at_3": 0.88667,
    "mrr_at_5": 0.89567,
    "ndcg_at_1": 0.82,
    "ndcg_at_10": 0.92206,
    "ndcg_at_100": 0.92206,
    "ndcg_at_1000": 0.92206,
    "ndcg_at_20": 0.92206,
    "ndcg_at_3": 0.90571,
    "ndcg_at_5": 0.92206,
    "precision_at_1": 0.82,
    "precision_at_10": 0.1,
    "precision_at_100": 0.01,
    "precision_at_1000": 0.001,
    "precision_at_20": 0.05,
    "precision_at_3": 0.32,
    "precision_at_5": 0.2,
    "recall_at_1": 0.82,
    "recall_at_10": 1.0,
    "recall_at_100": 1.0,
    "recall_at_1000": 1.0,
    "recall_at_20": 1.0,
    "recall_at_3": 0.96,
    "recall_at_5": 1.0
  },
  "test_256": {
    "evaluation_time": 4.78,
    "map_at_1": 0.94,
    "map_at_10": 0.97,
    "map_at_100": 0.97,
    "map_at_1000": 0.97,
    "map_at_20": 0.97,
    "map_at_3": 0.97,
    "map_at_5": 0.97,
    "mrr_at_1": 0.94,
    "mrr_at_10": 0.97,
    "mrr_at_100": 0.97,
    "mrr_at_1000": 0.97,
    "mrr_at_20": 0.97,
    "mrr_at_3": 0.97,
    "mrr_at_5": 0.97,
    "ndcg_at_1": 0.94,
    "ndcg_at_10": 0.97786,
    "ndcg_at_100": 0.97786,
    "ndcg_at_1000": 0.97786,
    "ndcg_at_20": 0.97786,
    "ndcg_at_3": 0.97786,
    "ndcg_at_5": 0.97786,
    "precision_at_1": 0.94,
    "precision_at_10": 0.1,
    "precision_at_100": 0.01,
    "precision_at_1000": 0.001,
    "precision_at_20": 0.05,
    "precision_at_3": 0.33333,
    "precision_at_5": 0.2,
    "recall_at_1": 0.94,
    "recall_at_10": 1.0,
    "recall_at_100": 1.0,
    "recall_at_1000": 1.0,
    "recall_at_20": 1.0,
    "recall_at_3": 1.0,
    "recall_at_5": 1.0
  },
  "test_32768": {
    "evaluation_time": 460.12,
    "map_at_1": 0.34,
    "map_at_10": 0.48389,
    "map_at_100": 0.49154,
    "map_at_1000": 0.49154,
    "map_at_20": 0.48975,
    "map_at_3": 0.44,
    "map_at_5": 0.461,
    "mrr_at_1": 0.34,
    "mrr_at_10": 0.48389,
    "mrr_at_100": 0.49154,
    "mrr_at_1000": 0.49154,
    "mrr_at_20": 0.48975,
    "mrr_at_3": 0.44,
    "mrr_at_5": 0.461,
    "ndcg_at_1": 0.34,
    "ndcg_at_10": 0.57229,
    "ndcg_at_100": 0.60455,
    "ndcg_at_1000": 0.60455,
    "ndcg_at_20": 0.59293,
    "ndcg_at_3": 0.47571,
    "ndcg_at_5": 0.51527,
    "precision_at_1": 0.34,
    "precision_at_10": 0.086,
    "precision_at_100": 0.01,
    "precision_at_1000": 0.001,
    "precision_at_20": 0.047,
    "precision_at_3": 0.19333,
    "precision_at_5": 0.136,
    "recall_at_1": 0.34,
    "recall_at_10": 0.86,
    "recall_at_100": 1.0,
    "recall_at_1000": 1.0,
    "recall_at_20": 0.94,
    "recall_at_3": 0.58,
    "recall_at_5": 0.68
  },
  "test_4096": {
    "evaluation_time": 38.77,
    "map_at_1": 0.72,
    "map_at_10": 0.80533,
    "map_at_100": 0.80715,
    "map_at_1000": 0.80715,
    "map_at_20": 0.80715,
    "map_at_3": 0.78667,
    "map_at_5": 0.79867,
    "mrr_at_1": 0.72,
    "mrr_at_10": 0.80533,
    "mrr_at_100": 0.80715,
    "mrr_at_1000": 0.80715,
    "mrr_at_20": 0.80715,
    "mrr_at_3": 0.78667,
    "mrr_at_5": 0.79867,
    "ndcg_at_1": 0.72,
    "ndcg_at_10": 0.84793,
    "ndcg_at_100": 0.85351,
    "ndcg_at_1000": 0.85351,
    "ndcg_at_20": 0.85351,
    "ndcg_at_3": 0.81047,
    "ndcg_at_5": 0.83369,
    "precision_at_1": 0.72,
    "precision_at_10": 0.098,
    "precision_at_100": 0.01,
    "precision_at_1000": 0.001,
    "precision_at_20": 0.05,
    "precision_at_3": 0.29333,
    "precision_at_5": 0.188,
    "recall_at_1": 0.72,
    "recall_at_10": 0.98,
    "recall_at_100": 1.0,
    "recall_at_1000": 1.0,
    "recall_at_20": 1.0,
    "recall_at_3": 0.88,
    "recall_at_5": 0.94
  },
  "test_512": {
    "evaluation_time": 5.2,
    "map_at_1": 0.9,
    "map_at_10": 0.95,
    "map_at_100": 0.95,
    "map_at_1000": 0.95,
    "map_at_20": 0.95,
    "map_at_3": 0.95,
    "map_at_5": 0.95,
    "mrr_at_1": 0.9,
    "mrr_at_10": 0.95,
    "mrr_at_100": 0.95,
    "mrr_at_1000": 0.95,
    "mrr_at_20": 0.95,
    "mrr_at_3": 0.95,
    "mrr_at_5": 0.95,
    "ndcg_at_1": 0.9,
    "ndcg_at_10": 0.96309,
    "ndcg_at_100": 0.96309,
    "ndcg_at_1000": 0.96309,
    "ndcg_at_20": 0.96309,
    "ndcg_at_3": 0.96309,
    "ndcg_at_5": 0.96309,
    "precision_at_1": 0.9,
    "precision_at_10": 0.1,
    "precision_at_100": 0.01,
    "precision_at_1000": 0.001,
    "precision_at_20": 0.05,
    "precision_at_3": 0.33333,
    "precision_at_5": 0.2,
    "recall_at_1": 0.9,
    "recall_at_10": 1.0,
    "recall_at_100": 1.0,
    "recall_at_1000": 1.0,
    "recall_at_20": 1.0,
    "recall_at_3": 1.0,
    "recall_at_5": 1.0
  },
  "test_8192": {
    "evaluation_time": 83.99,
    "map_at_1": 0.5,
    "map_at_10": 0.678,
    "map_at_100": 0.67981,
    "map_at_1000": 0.67981,
    "map_at_20": 0.67943,
    "map_at_3": 0.65333,
    "map_at_5": 0.67133,
    "mrr_at_1": 0.5,
    "mrr_at_10": 0.678,
    "mrr_at_100": 0.67981,
    "mrr_at_1000": 0.67981,
    "mrr_at_20": 0.67943,
    "mrr_at_3": 0.65333,
    "mrr_at_5": 0.67133,
    "ndcg_at_1": 0.5,
    "ndcg_at_10": 0.74837,
    "ndcg_at_100": 0.75698,
    "ndcg_at_1000": 0.75698,
    "ndcg_at_20": 0.75349,
    "ndcg_at_3": 0.70142,
    "ndcg_at_5": 0.73412,
    "precision_at_1": 0.5,
    "precision_at_10": 0.096,
    "precision_at_100": 0.01,
    "precision_at_1000": 0.001,
    "precision_at_20": 0.049,
    "precision_at_3": 0.28,
    "precision_at_5": 0.184,
    "recall_at_1": 0.5,
    "recall_at_10": 0.96,
    "recall_at_100": 1.0,
    "recall_at_1000": 1.0,
    "recall_at_20": 0.98,
    "recall_at_3": 0.84,
    "recall_at_5": 0.92
  }
}