{
  "dataset_revision": "6e346642246bfb4928c560ee08640dc84d074e8c",
  "mteb_dataset_name": "LEMBQMSumRetrieval",
  "mteb_version": "1.6.23",
  "test": {
    "evaluation_time": 399.69,
    "map_at_1": 0.35822,
    "map_at_10": 0.45518,
    "map_at_100": 0.46706,
    "map_at_1000": 0.46721,
    "map_at_20": 0.46222,
    "map_at_3": 0.42382,
    "map_at_5": 0.44271,
    "mrr_at_1": 0.35822,
    "mrr_at_10": 0.45518,
    "mrr_at_100": 0.46706,
    "mrr_at_1000": 0.46721,
    "mrr_at_20": 0.46222,
    "mrr_at_3": 0.42382,
    "mrr_at_5": 0.44271,
    "ndcg_at_1": 0.35822,
    "ndcg_at_10": 0.50975,
    "ndcg_at_100": 0.57149,
    "ndcg_at_1000": 0.574,
    "ndcg_at_20": 0.5353,
    "ndcg_at_3": 0.44562,
    "ndcg_at_5": 0.4795,
    "precision_at_1": 0.35822,
    "precision_at_10": 0.06843,
    "precision_at_100": 0.00983,
    "precision_at_1000": 0.001,
    "precision_at_20": 0.03926,
    "precision_at_3": 0.16961,
    "precision_at_5": 0.11814,
    "recall_at_1": 0.35822,
    "recall_at_10": 0.68435,
    "recall_at_100": 0.98297,
    "recall_at_1000": 1.0,
    "recall_at_20": 0.7852,
    "recall_at_3": 0.50884,
    "recall_at_5": 0.5907
  }
}