{
  "dataset_revision": "6e346642246bfb4928c560ee08640dc84d074e8c",
  "mteb_dataset_name": "LEMBWikimQARetrieval",
  "mteb_version": "1.6.23",
  "test": {
    "evaluation_time": 356.6,
    "map_at_1": 0.91333,
    "map_at_10": 0.93923,
    "map_at_100": 0.93981,
    "map_at_1000": 0.93981,
    "map_at_20": 0.93959,
    "map_at_3": 0.93611,
    "map_at_5": 0.93744,
    "mrr_at_1": 0.91333,
    "mrr_at_10": 0.93923,
    "mrr_at_100": 0.93981,
    "mrr_at_1000": 0.93981,
    "mrr_at_20": 0.93959,
    "mrr_at_3": 0.93611,
    "mrr_at_5": 0.93744,
    "ndcg_at_1": 0.91333,
    "ndcg_at_10": 0.95003,
    "ndcg_at_100": 0.95336,
    "ndcg_at_1000": 0.95336,
    "ndcg_at_20": 0.95158,
    "ndcg_at_3": 0.94313,
    "ndcg_at_5": 0.94571,
    "precision_at_1": 0.91333,
    "precision_at_10": 0.09833,
    "precision_at_100": 0.01,
    "precision_at_1000": 0.001,
    "precision_at_20": 0.0495,
    "precision_at_3": 0.32111,
    "precision_at_5": 0.194,
    "recall_at_1": 0.91333,
    "recall_at_10": 0.98333,
    "recall_at_100": 1.0,
    "recall_at_1000": 1.0,
    "recall_at_20": 0.99,
    "recall_at_3": 0.96333,
    "recall_at_5": 0.97
  }
}