{
  "dataset_revision": "6e346642246bfb4928c560ee08640dc84d074e8c",
  "mteb_dataset_name": "LEMBPasskeyRetrieval",
  "mteb_version": "1.6.23",
  "test_1024": {
    "evaluation_time": 9.31,
    "map_at_1": 0.9,
    "map_at_10": 0.95,
    "map_at_100": 0.95,
    "map_at_1000": 0.95,
    "map_at_20": 0.95,
    "map_at_3": 0.95,
    "map_at_5": 0.95,
    "mrr_at_1": 0.9,
    "mrr_at_10": 0.95,
    "mrr_at_100": 0.95,
    "mrr_at_1000": 0.95,
    "mrr_at_20": 0.95,
    "mrr_at_3": 0.95,
    "mrr_at_5": 0.95,
    "ndcg_at_1": 0.9,
    "ndcg_at_10": 0.96309,
    "ndcg_at_100": 0.96309,
    "ndcg_at_1000": 0.96309,
    "ndcg_at_20": 0.96309,
    "ndcg_at_3": 0.96309,
    "ndcg_at_5": 0.96309,
    "precision_at_1": 0.9,
    "precision_at_10": 0.1,
    "precision_at_100": 0.01,
    "precision_at_1000": 0.001,
    "precision_at_20": 0.05,
    "precision_at_3": 0.33333,
    "precision_at_5": 0.2,
    "recall_at_1": 0.9,
    "recall_at_10": 1.0,
    "recall_at_100": 1.0,
    "recall_at_1000": 1.0,
    "recall_at_20": 1.0,
    "recall_at_3": 1.0,
    "recall_at_5": 1.0
  },
  "test_16384": {
    "evaluation_time": 38.72,
    "map_at_1": 0.32,
    "map_at_10": 0.32,
    "map_at_100": 0.33216,
    "map_at_1000": 0.33216,
    "map_at_20": 0.32,
    "map_at_3": 0.32,
    "map_at_5": 0.32,
    "mrr_at_1": 0.32,
    "mrr_at_10": 0.32,
    "mrr_at_100": 0.3318,
    "mrr_at_1000": 0.3318,
    "mrr_at_20": 0.32,
    "mrr_at_3": 0.32,
    "mrr_at_5": 0.32,
    "ndcg_at_1": 0.32,
    "ndcg_at_10": 0.32,
    "ndcg_at_100": 0.4357,
    "ndcg_at_1000": 0.4357,
    "ndcg_at_20": 0.32,
    "ndcg_at_3": 0.32,
    "ndcg_at_5": 0.32,
    "precision_at_1": 0.32,
    "precision_at_10": 0.032,
    "precision_at_100": 0.01,
    "precision_at_1000": 0.001,
    "precision_at_20": 0.016,
    "precision_at_3": 0.10667,
    "precision_at_5": 0.064,
    "recall_at_1": 0.32,
    "recall_at_10": 0.32,
    "recall_at_100": 1.0,
    "recall_at_1000": 1.0,
    "recall_at_20": 0.32,
    "recall_at_3": 0.32,
    "recall_at_5": 0.32
  },
  "test_2048": {
    "evaluation_time": 18.31,
    "map_at_1": 0.98,
    "map_at_10": 0.99,
    "map_at_100": 0.99,
    "map_at_1000": 0.99,
    "map_at_20": 0.99,
    "map_at_3": 0.99,
    "map_at_5": 0.99,
    "mrr_at_1": 0.98,
    "mrr_at_10": 0.99,
    "mrr_at_100": 0.99,
    "mrr_at_1000": 0.99,
    "mrr_at_20": 0.99,
    "mrr_at_3": 0.99,
    "mrr_at_5": 0.99,
    "ndcg_at_1": 0.98,
    "ndcg_at_10": 0.99262,
    "ndcg_at_100": 0.99262,
    "ndcg_at_1000": 0.99262,
    "ndcg_at_20": 0.99262,
    "ndcg_at_3": 0.99262,
    "ndcg_at_5": 0.99262,
    "precision_at_1": 0.98,
    "precision_at_10": 0.1,
    "precision_at_100": 0.01,
    "precision_at_1000": 0.001,
    "precision_at_20": 0.05,
    "precision_at_3": 0.33333,
    "precision_at_5": 0.2,
    "recall_at_1": 0.98,
    "recall_at_10": 1.0,
    "recall_at_100": 1.0,
    "recall_at_1000": 1.0,
    "recall_at_20": 1.0,
    "recall_at_3": 1.0,
    "recall_at_5": 1.0
  },
  "test_256": {
    "evaluation_time": 2.68,
    "map_at_1": 0.96,
    "map_at_10": 0.97667,
    "map_at_100": 0.97667,
    "map_at_1000": 0.97667,
    "map_at_20": 0.97667,
    "map_at_3": 0.97667,
    "map_at_5": 0.97667,
    "mrr_at_1": 0.96,
    "mrr_at_10": 0.97667,
    "mrr_at_100": 0.97667,
    "mrr_at_1000": 0.97667,
    "mrr_at_20": 0.97667,
    "mrr_at_3": 0.97667,
    "mrr_at_5": 0.97667,
    "ndcg_at_1": 0.96,
    "ndcg_at_10": 0.98262,
    "ndcg_at_100": 0.98262,
    "ndcg_at_1000": 0.98262,
    "ndcg_at_20": 0.98262,
    "ndcg_at_3": 0.98262,
    "ndcg_at_5": 0.98262,
    "precision_at_1": 0.96,
    "precision_at_10": 0.1,
    "precision_at_100": 0.01,
    "precision_at_1000": 0.001,
    "precision_at_20": 0.05,
    "precision_at_3": 0.33333,
    "precision_at_5": 0.2,
    "recall_at_1": 0.96,
    "recall_at_10": 1.0,
    "recall_at_100": 1.0,
    "recall_at_1000": 1.0,
    "recall_at_20": 1.0,
    "recall_at_3": 1.0,
    "recall_at_5": 1.0
  },
  "test_32768": {
    "evaluation_time": 40.56,
    "map_at_1": 0.08,
    "map_at_10": 0.08,
    "map_at_100": 0.10552,
    "map_at_1000": 0.10552,
    "map_at_20": 0.08938,
    "map_at_3": 0.08,
    "map_at_5": 0.08,
    "mrr_at_1": 0.08,
    "mrr_at_10": 0.08,
    "mrr_at_100": 0.10138,
    "mrr_at_1000": 0.10138,
    "mrr_at_20": 0.08533,
    "mrr_at_3": 0.08,
    "mrr_at_5": 0.08,
    "ndcg_at_1": 0.08,
    "ndcg_at_10": 0.08,
    "ndcg_at_100": 0.25186,
    "ndcg_at_1000": 0.25186,
    "ndcg_at_20": 0.11501,
    "ndcg_at_3": 0.08,
    "ndcg_at_5": 0.08,
    "precision_at_1": 0.08,
    "precision_at_10": 0.008,
    "precision_at_100": 0.01,
    "precision_at_1000": 0.001,
    "precision_at_20": 0.011,
    "precision_at_3": 0.02667,
    "precision_at_5": 0.016,
    "recall_at_1": 0.08,
    "recall_at_10": 0.08,
    "recall_at_100": 1.0,
    "recall_at_1000": 1.0,
    "recall_at_20": 0.22,
    "recall_at_3": 0.08,
    "recall_at_5": 0.08
  },
  "test_4096": {
    "evaluation_time": 37.45,
    "map_at_1": 1.0,
    "map_at_10": 1.0,
    "map_at_100": 1.0,
    "map_at_1000": 1.0,
    "map_at_20": 1.0,
    "map_at_3": 1.0,
    "map_at_5": 1.0,
    "mrr_at_1": 1.0,
    "mrr_at_10": 1.0,
    "mrr_at_100": 1.0,
    "mrr_at_1000": 1.0,
    "mrr_at_20": 1.0,
    "mrr_at_3": 1.0,
    "mrr_at_5": 1.0,
    "ndcg_at_1": 1.0,
    "ndcg_at_10": 1.0,
    "ndcg_at_100": 1.0,
    "ndcg_at_1000": 1.0,
    "ndcg_at_20": 1.0,
    "ndcg_at_3": 1.0,
    "ndcg_at_5": 1.0,
    "precision_at_1": 1.0,
    "precision_at_10": 0.1,
    "precision_at_100": 0.01,
    "precision_at_1000": 0.001,
    "precision_at_20": 0.05,
    "precision_at_3": 0.33333,
    "precision_at_5": 0.2,
    "recall_at_1": 1.0,
    "recall_at_10": 1.0,
    "recall_at_100": 1.0,
    "recall_at_1000": 1.0,
    "recall_at_20": 1.0,
    "recall_at_3": 1.0,
    "recall_at_5": 1.0
  },
  "test_512": {
    "evaluation_time": 4.85,
    "map_at_1": 0.94,
    "map_at_10": 0.97,
    "map_at_100": 0.97,
    "map_at_1000": 0.97,
    "map_at_20": 0.97,
    "map_at_3": 0.97,
    "map_at_5": 0.97,
    "mrr_at_1": 0.94,
    "mrr_at_10": 0.97,
    "mrr_at_100": 0.97,
    "mrr_at_1000": 0.97,
    "mrr_at_20": 0.97,
    "mrr_at_3": 0.97,
    "mrr_at_5": 0.97,
    "ndcg_at_1": 0.94,
    "ndcg_at_10": 0.97786,
    "ndcg_at_100": 0.97786,
    "ndcg_at_1000": 0.97786,
    "ndcg_at_20": 0.97786,
    "ndcg_at_3": 0.97786,
    "ndcg_at_5": 0.97786,
    "precision_at_1": 0.94,
    "precision_at_10": 0.1,
    "precision_at_100": 0.01,
    "precision_at_1000": 0.001,
    "precision_at_20": 0.05,
    "precision_at_3": 0.33333,
    "precision_at_5": 0.2,
    "recall_at_1": 0.94,
    "recall_at_10": 1.0,
    "recall_at_100": 1.0,
    "recall_at_1000": 1.0,
    "recall_at_20": 1.0,
    "recall_at_3": 1.0,
    "recall_at_5": 1.0
  },
  "test_8192": {
    "evaluation_time": 37.86,
    "map_at_1": 0.5,
    "map_at_10": 0.5,
    "map_at_100": 0.50653,
    "map_at_1000": 0.50653,
    "map_at_20": 0.5,
    "map_at_3": 0.5,
    "map_at_5": 0.5,
    "mrr_at_1": 0.5,
    "mrr_at_10": 0.5,
    "mrr_at_100": 0.5068,
    "mrr_at_1000": 0.5068,
    "mrr_at_20": 0.5,
    "mrr_at_3": 0.5,
    "mrr_at_5": 0.5,
    "ndcg_at_1": 0.5,
    "ndcg_at_10": 0.5,
    "ndcg_at_100": 0.57948,
    "ndcg_at_1000": 0.57948,
    "ndcg_at_20": 0.5,
    "ndcg_at_3": 0.5,
    "ndcg_at_5": 0.5,
    "precision_at_1": 0.5,
    "precision_at_10": 0.05,
    "precision_at_100": 0.01,
    "precision_at_1000": 0.001,
    "precision_at_20": 0.025,
    "precision_at_3": 0.16667,
    "precision_at_5": 0.1,
    "recall_at_1": 0.5,
    "recall_at_10": 0.5,
    "recall_at_100": 1.0,
    "recall_at_1000": 1.0,
    "recall_at_20": 0.5,
    "recall_at_3": 0.5,
    "recall_at_5": 0.5
  }
}