{
  "dataset_revision": "6e346642246bfb4928c560ee08640dc84d074e8c",
  "mteb_dataset_name": "LEMBNarrativeQARetrieval",
  "mteb_version": "1.6.23",
  "test": {
    "evaluation_time": 222.38,
    "map_at_1": 0.35046,
    "map_at_10": 0.41268,
    "map_at_100": 0.42188,
    "map_at_1000": 0.42297,
    "map_at_20": 0.41725,
    "map_at_3": 0.39527,
    "map_at_5": 0.4047,
    "mrr_at_1": 0.35046,
    "mrr_at_10": 0.41268,
    "mrr_at_100": 0.42188,
    "mrr_at_1000": 0.42297,
    "mrr_at_20": 0.41725,
    "mrr_at_3": 0.39527,
    "mrr_at_5": 0.4047,
    "ndcg_at_1": 0.35046,
    "ndcg_at_10": 0.44621,
    "ndcg_at_100": 0.49886,
    "ndcg_at_1000": 0.5233,
    "ndcg_at_20": 0.46302,
    "ndcg_at_3": 0.40989,
    "ndcg_at_5": 0.42692,
    "precision_at_1": 0.35046,
    "precision_at_10": 0.05532,
    "precision_at_100": 0.00818,
    "precision_at_1000": 0.001,
    "precision_at_20": 0.031,
    "precision_at_3": 0.15073,
    "precision_at_5": 0.09873,
    "recall_at_1": 0.35046,
    "recall_at_10": 0.55316,
    "recall_at_100": 0.81797,
    "recall_at_1000": 1.0,
    "recall_at_20": 0.62006,
    "recall_at_3": 0.4522,
    "recall_at_5": 0.49364
  }
}