{
  "dataset_revision": "6e346642246bfb4928c560ee08640dc84d074e8c",
  "mteb_dataset_name": "LEMBQMSumRetrieval",
  "mteb_version": "1.6.23",
  "test": {
    "evaluation_time": 105.99,
    "map_at_1": 0.28749,
    "map_at_10": 0.38014,
    "map_at_100": 0.39272,
    "map_at_1000": 0.39315,
    "map_at_20": 0.38685,
    "map_at_3": 0.34665,
    "map_at_5": 0.36518,
    "mrr_at_1": 0.28749,
    "mrr_at_10": 0.38014,
    "mrr_at_100": 0.39272,
    "mrr_at_1000": 0.39315,
    "mrr_at_20": 0.38685,
    "mrr_at_3": 0.34665,
    "mrr_at_5": 0.36518,
    "ndcg_at_1": 0.28749,
    "ndcg_at_10": 0.43635,
    "ndcg_at_100": 0.50446,
    "ndcg_at_1000": 0.51139,
    "ndcg_at_20": 0.46096,
    "ndcg_at_3": 0.36656,
    "ndcg_at_5": 0.40012,
    "precision_at_1": 0.28749,
    "precision_at_10": 0.06182,
    "precision_at_100": 0.00953,
    "precision_at_1000": 0.001,
    "precision_at_20": 0.03579,
    "precision_at_3": 0.14145,
    "precision_at_5": 0.10124,
    "recall_at_1": 0.28749,
    "recall_at_10": 0.61821,
    "recall_at_100": 0.95285,
    "recall_at_1000": 1.0,
    "recall_at_20": 0.71578,
    "recall_at_3": 0.42436,
    "recall_at_5": 0.50622
  }
}