{
  "dataset_revision": "6e346642246bfb4928c560ee08640dc84d074e8c",
  "mteb_dataset_name": "LEMBNeedleRetrieval",
  "mteb_version": "1.6.23",
  "test_1024": {
    "evaluation_time": 9.37,
    "map_at_1": 0.66,
    "map_at_10": 0.82333,
    "map_at_100": 0.82333,
    "map_at_1000": 0.82333,
    "map_at_20": 0.82333,
    "map_at_3": 0.82333,
    "map_at_5": 0.82333,
    "mrr_at_1": 0.66,
    "mrr_at_10": 0.82333,
    "mrr_at_100": 0.82333,
    "mrr_at_1000": 0.82333,
    "mrr_at_20": 0.82333,
    "mrr_at_3": 0.82333,
    "mrr_at_5": 0.82333,
    "ndcg_at_1": 0.66,
    "ndcg_at_10": 0.86928,
    "ndcg_at_100": 0.86928,
    "ndcg_at_1000": 0.86928,
    "ndcg_at_20": 0.86928,
    "ndcg_at_3": 0.86928,
    "ndcg_at_5": 0.86928,
    "precision_at_1": 0.66,
    "precision_at_10": 0.1,
    "precision_at_100": 0.01,
    "precision_at_1000": 0.001,
    "precision_at_20": 0.05,
    "precision_at_3": 0.33333,
    "precision_at_5": 0.2,
    "recall_at_1": 0.66,
    "recall_at_10": 1.0,
    "recall_at_100": 1.0,
    "recall_at_1000": 1.0,
    "recall_at_20": 1.0,
    "recall_at_3": 1.0,
    "recall_at_5": 1.0
  },
  "test_16384": {
    "evaluation_time": 39.24,
    "map_at_1": 0.2,
    "map_at_10": 0.21,
    "map_at_100": 0.22645,
    "map_at_1000": 0.22645,
    "map_at_20": 0.21,
    "map_at_3": 0.21,
    "map_at_5": 0.21,
    "mrr_at_1": 0.2,
    "mrr_at_10": 0.21,
    "mrr_at_100": 0.22604,
    "mrr_at_1000": 0.22604,
    "mrr_at_20": 0.211,
    "mrr_at_3": 0.21,
    "mrr_at_5": 0.21,
    "ndcg_at_1": 0.2,
    "ndcg_at_10": 0.21262,
    "ndcg_at_100": 0.35041,
    "ndcg_at_1000": 0.35041,
    "ndcg_at_20": 0.21262,
    "ndcg_at_3": 0.21262,
    "ndcg_at_5": 0.21262,
    "precision_at_1": 0.2,
    "precision_at_10": 0.022,
    "precision_at_100": 0.01,
    "precision_at_1000": 0.001,
    "precision_at_20": 0.011,
    "precision_at_3": 0.07333,
    "precision_at_5": 0.044,
    "recall_at_1": 0.2,
    "recall_at_10": 0.22,
    "recall_at_100": 1.0,
    "recall_at_1000": 1.0,
    "recall_at_20": 0.22,
    "recall_at_3": 0.22,
    "recall_at_5": 0.22
  },
  "test_2048": {
    "evaluation_time": 18.8,
    "map_at_1": 0.52,
    "map_at_10": 0.67317,
    "map_at_100": 0.674,
    "map_at_1000": 0.674,
    "map_at_20": 0.67317,
    "map_at_3": 0.64333,
    "map_at_5": 0.65733,
    "mrr_at_1": 0.52,
    "mrr_at_10": 0.67317,
    "mrr_at_100": 0.674,
    "mrr_at_1000": 0.674,
    "mrr_at_20": 0.67317,
    "mrr_at_3": 0.64333,
    "mrr_at_5": 0.65733,
    "ndcg_at_1": 0.52,
    "ndcg_at_10": 0.7481,
    "ndcg_at_100": 0.75241,
    "ndcg_at_1000": 0.75241,
    "ndcg_at_20": 0.7481,
    "ndcg_at_3": 0.68833,
    "ndcg_at_5": 0.71329,
    "precision_at_1": 0.52,
    "precision_at_10": 0.098,
    "precision_at_100": 0.01,
    "precision_at_1000": 0.001,
    "precision_at_20": 0.049,
    "precision_at_3": 0.27333,
    "precision_at_5": 0.176,
    "recall_at_1": 0.52,
    "recall_at_10": 0.98,
    "recall_at_100": 1.0,
    "recall_at_1000": 1.0,
    "recall_at_20": 0.98,
    "recall_at_3": 0.82,
    "recall_at_5": 0.88
  },
  "test_256": {
    "evaluation_time": 4.91,
    "map_at_1": 0.94,
    "map_at_10": 0.965,
    "map_at_100": 0.965,
    "map_at_1000": 0.965,
    "map_at_20": 0.965,
    "map_at_3": 0.96,
    "map_at_5": 0.965,
    "mrr_at_1": 0.94,
    "mrr_at_10": 0.965,
    "mrr_at_100": 0.965,
    "mrr_at_1000": 0.965,
    "mrr_at_20": 0.965,
    "mrr_at_3": 0.96,
    "mrr_at_5": 0.965,
    "ndcg_at_1": 0.94,
    "ndcg_at_10": 0.97385,
    "ndcg_at_100": 0.97385,
    "ndcg_at_1000": 0.97385,
    "ndcg_at_20": 0.97385,
    "ndcg_at_3": 0.96524,
    "ndcg_at_5": 0.97385,
    "precision_at_1": 0.94,
    "precision_at_10": 0.1,
    "precision_at_100": 0.01,
    "precision_at_1000": 0.001,
    "precision_at_20": 0.05,
    "precision_at_3": 0.32667,
    "precision_at_5": 0.2,
    "recall_at_1": 0.94,
    "recall_at_10": 1.0,
    "recall_at_100": 1.0,
    "recall_at_1000": 1.0,
    "recall_at_20": 1.0,
    "recall_at_3": 0.98,
    "recall_at_5": 1.0
  },
  "test_32768": {
    "evaluation_time": 41.08,
    "map_at_1": 0.06,
    "map_at_10": 0.062,
    "map_at_100": 0.08967,
    "map_at_1000": 0.08967,
    "map_at_20": 0.07529,
    "map_at_3": 0.06,
    "map_at_5": 0.06,
    "mrr_at_1": 0.06,
    "mrr_at_10": 0.062,
    "mrr_at_100": 0.0871,
    "mrr_at_1000": 0.0871,
    "mrr_at_20": 0.07084,
    "mrr_at_3": 0.06,
    "mrr_at_5": 0.06,
    "ndcg_at_1": 0.06,
    "ndcg_at_10": 0.06578,
    "ndcg_at_100": 0.24036,
    "ndcg_at_1000": 0.24036,
    "ndcg_at_20": 0.11229,
    "ndcg_at_3": 0.06,
    "ndcg_at_5": 0.06,
    "precision_at_1": 0.06,
    "precision_at_10": 0.008,
    "precision_at_100": 0.01,
    "precision_at_1000": 0.001,
    "precision_at_20": 0.013,
    "precision_at_3": 0.02,
    "precision_at_5": 0.012,
    "recall_at_1": 0.06,
    "recall_at_10": 0.08,
    "recall_at_100": 1.0,
    "recall_at_1000": 1.0,
    "recall_at_20": 0.26,
    "recall_at_3": 0.06,
    "recall_at_5": 0.06
  },
  "test_4096": {
    "evaluation_time": 38.64,
    "map_at_1": 0.48,
    "map_at_10": 0.6185,
    "map_at_100": 0.62716,
    "map_at_1000": 0.62716,
    "map_at_20": 0.62716,
    "map_at_3": 0.58333,
    "map_at_5": 0.60933,
    "mrr_at_1": 0.48,
    "mrr_at_10": 0.6185,
    "mrr_at_100": 0.62716,
    "mrr_at_1000": 0.62716,
    "mrr_at_20": 0.62716,
    "mrr_at_3": 0.58333,
    "mrr_at_5": 0.60933,
    "ndcg_at_1": 0.48,
    "ndcg_at_10": 0.68706,
    "ndcg_at_100": 0.71446,
    "ndcg_at_1000": 0.71446,
    "ndcg_at_20": 0.71446,
    "ndcg_at_3": 0.61833,
    "ndcg_at_5": 0.66651,
    "precision_at_1": 0.48,
    "precision_at_10": 0.09,
    "precision_at_100": 0.01,
    "precision_at_1000": 0.001,
    "precision_at_20": 0.05,
    "precision_at_3": 0.24,
    "precision_at_5": 0.168,
    "recall_at_1": 0.48,
    "recall_at_10": 0.9,
    "recall_at_100": 1.0,
    "recall_at_1000": 1.0,
    "recall_at_20": 1.0,
    "recall_at_3": 0.72,
    "recall_at_5": 0.84
  },
  "test_512": {
    "evaluation_time": 4.93,
    "map_at_1": 0.84,
    "map_at_10": 0.91167,
    "map_at_100": 0.91167,
    "map_at_1000": 0.91167,
    "map_at_20": 0.91167,
    "map_at_3": 0.90667,
    "map_at_5": 0.91167,
    "mrr_at_1": 0.84,
    "mrr_at_10": 0.91167,
    "mrr_at_100": 0.91167,
    "mrr_at_1000": 0.91167,
    "mrr_at_20": 0.91167,
    "mrr_at_3": 0.90667,
    "mrr_at_5": 0.91167,
    "ndcg_at_1": 0.84,
    "ndcg_at_10": 0.93433,
    "ndcg_at_100": 0.93433,
    "ndcg_at_1000": 0.93433,
    "ndcg_at_20": 0.93433,
    "ndcg_at_3": 0.92571,
    "ndcg_at_5": 0.93433,
    "precision_at_1": 0.84,
    "precision_at_10": 0.1,
    "precision_at_100": 0.01,
    "precision_at_1000": 0.001,
    "precision_at_20": 0.05,
    "precision_at_3": 0.32667,
    "precision_at_5": 0.2,
    "recall_at_1": 0.84,
    "recall_at_10": 1.0,
    "recall_at_100": 1.0,
    "recall_at_1000": 1.0,
    "recall_at_20": 1.0,
    "recall_at_3": 0.98,
    "recall_at_5": 1.0
  },
  "test_8192": {
    "evaluation_time": 38.07,
    "map_at_1": 0.16,
    "map_at_10": 0.26069,
    "map_at_100": 0.2705,
    "map_at_1000": 0.2705,
    "map_at_20": 0.26069,
    "map_at_3": 0.25,
    "map_at_5": 0.25,
    "mrr_at_1": 0.16,
    "mrr_at_10": 0.26069,
    "mrr_at_100": 0.27145,
    "mrr_at_1000": 0.27145,
    "mrr_at_20": 0.26069,
    "mrr_at_3": 0.25,
    "mrr_at_5": 0.25,
    "ndcg_at_1": 0.16,
    "ndcg_at_10": 0.30421,
    "ndcg_at_100": 0.3992,
    "ndcg_at_1000": 0.3992,
    "ndcg_at_20": 0.30421,
    "ndcg_at_3": 0.27833,
    "ndcg_at_5": 0.27833,
    "precision_at_1": 0.16,
    "precision_at_10": 0.044,
    "precision_at_100": 0.01,
    "precision_at_1000": 0.001,
    "precision_at_20": 0.022,
    "precision_at_3": 0.12,
    "precision_at_5": 0.072,
    "recall_at_1": 0.16,
    "recall_at_10": 0.44,
    "recall_at_100": 1.0,
    "recall_at_1000": 1.0,
    "recall_at_20": 0.44,
    "recall_at_3": 0.36,
    "recall_at_5": 0.36
  }
}