{
  "dataset_revision": "6e346642246bfb4928c560ee08640dc84d074e8c",
  "mteb_dataset_name": "LEMBWikimQARetrieval",
  "mteb_version": "1.6.23",
  "test": {
    "evaluation_time": 115.15,
    "map_at_1": 0.75333,
    "map_at_10": 0.79994,
    "map_at_100": 0.80378,
    "map_at_1000": 0.80386,
    "map_at_20": 0.80221,
    "map_at_3": 0.79056,
    "map_at_5": 0.79622,
    "mrr_at_1": 0.75333,
    "mrr_at_10": 0.79994,
    "mrr_at_100": 0.80378,
    "mrr_at_1000": 0.80386,
    "mrr_at_20": 0.80221,
    "mrr_at_3": 0.79056,
    "mrr_at_5": 0.79622,
    "ndcg_at_1": 0.75333,
    "ndcg_at_10": 0.82111,
    "ndcg_at_100": 0.8416,
    "ndcg_at_1000": 0.84341,
    "ndcg_at_20": 0.82949,
    "ndcg_at_3": 0.80242,
    "ndcg_at_5": 0.81232,
    "precision_at_1": 0.75333,
    "precision_at_10": 0.08867,
    "precision_at_100": 0.00987,
    "precision_at_1000": 0.001,
    "precision_at_20": 0.046,
    "precision_at_3": 0.27889,
    "precision_at_5": 0.172,
    "recall_at_1": 0.75333,
    "recall_at_10": 0.88667,
    "recall_at_100": 0.98667,
    "recall_at_1000": 1.0,
    "recall_at_20": 0.92,
    "recall_at_3": 0.83667,
    "recall_at_5": 0.86
  }
}