{
  "dataset_revision": "6e346642246bfb4928c560ee08640dc84d074e8c",
  "mteb_dataset_name": "LEMBSummScreenFDRetrieval",
  "mteb_version": "1.6.23",
  "validation": {
    "evaluation_time": 142.85,
    "map_at_1": 0.93452,
    "map_at_10": 0.95866,
    "map_at_100": 0.9588,
    "map_at_1000": 0.9588,
    "map_at_20": 0.95866,
    "map_at_3": 0.95437,
    "map_at_5": 0.95779,
    "mrr_at_1": 0.93452,
    "mrr_at_10": 0.95866,
    "mrr_at_100": 0.9588,
    "mrr_at_1000": 0.9588,
    "mrr_at_20": 0.95866,
    "mrr_at_3": 0.95437,
    "mrr_at_5": 0.95779,
    "ndcg_at_1": 0.93452,
    "ndcg_at_10": 0.96818,
    "ndcg_at_100": 0.96885,
    "ndcg_at_1000": 0.96885,
    "ndcg_at_20": 0.96818,
    "ndcg_at_3": 0.96003,
    "ndcg_at_5": 0.96618,
    "precision_at_1": 0.93452,
    "precision_at_10": 0.0997,
    "precision_at_100": 0.01,
    "precision_at_1000": 0.001,
    "precision_at_20": 0.04985,
    "precision_at_3": 0.3254,
    "precision_at_5": 0.19821,
    "recall_at_1": 0.93452,
    "recall_at_10": 0.99702,
    "recall_at_100": 1.0,
    "recall_at_1000": 1.0,
    "recall_at_20": 0.99702,
    "recall_at_3": 0.97619,
    "recall_at_5": 0.99107
  }
}